Circuit,Type,Run_Mode,Dataset_Profile,Original_Gates,Final_Gates,Gates_Removed,Total_Red%,Area_Before_AND2,Area_After_AND2,Area_Saved_AND2,Area_Red%,Depth_Before,Depth_After,Depth_Red%,T_Parse(s),T_Filter(s),T_Encode(s),T_SAT(s),T_CEC(s),T_Total(s),SAT_Candidates,SAT_Checks,SAT_Query_SAT,SAT_Query_UNSAT,SAT_Timeouts,SAT_Abort_Reason,Initial_AND2,After_Structural_AND2,After_SAT_AND2,Structural_Removed_AND2,SAT_Induced_Removed_AND2,SAT_Accepted_SA0,SAT_Accepted_SA1,Rebuilds,SAT_Unresolved,SAT_Max_Budget,Checkpoint_Resume,TFI_Checks,TFI_Query_SAT,TFI_Query_UNSAT,TFI_Timeouts,TFI_Skipped,Window_Checks,Window_Query_SAT,Window_Query_UNSAT,Window_Timeouts,Window_Skipped,Window_Audit_Fail,Cone_Checks,Cone_Query_SAT,Cone_Query_UNSAT,Cone_Timeouts,Cone_Skipped,Global_Checks,Global_Query_SAT,Global_Query_UNSAT,Global_Timeouts,CEX_Prune_Events,CEX_Prune_Checked,CEX_Pruned,CEX_TFI_Prune_Events,CEX_TFI_Prune_Checked,CEX_TFI_Pruned,CEX_Pruning_Enabled,Verify
alu_8bit.aag,Benchmark,alg10_fast_save_cex_window,real_suites_planted,224,224,0,0.00%,224,224,0,0.00%,24,24,0.00%,0.0003,0.0000,0.0115,0.0803,0.0777,0.1214,448,168,162,0,6,,224,224,224,0,0,0,0,0,0,1000,1,40,40,0,0,0,42,42,0,0,0,0,34,34,0,0,0,52,46,0,6,119,15039,1222,40,2143,408,1,PASS
arbiter_8bit.aag,Benchmark,alg10_fast_save_cex_window,real_suites_planted,15,15,0,0.00%,15,15,0,0.00%,4,4,0.00%,0.0001,0.0000,0.0002,0.0014,0.0212,0.0049,30,37,37,0,0,,15,15,15,0,0,0,0,0,0,1000,1,8,8,0,0,0,10,10,0,0,0,0,10,10,0,0,0,9,9,0,0,26,351,61,8,82,22,1,PASS
c1355.aag,Benchmark,alg10_fast_save_cex_window,real_suites_planted,508,508,0,0.00%,508,508,0,0.00%,20,20,0.00%,0.0006,0.0000,0.0762,0.7007,0.0230,0.8891,1016,342,295,0,47,,508,508,508,0,0,0,0,0,0,1000,1,63,63,0,0,0,126,106,0,20,0,0,73,62,0,11,0,80,64,0,16,230,32955,2785,63,8618,953,1,PASS
c17.aag,Benchmark,alg10_fast_save_cex_window,real_suites_planted,6,6,0,0.00%,6,6,0,0.00%,3,3,0.00%,0.0001,0.0000,0.0001,0.0006,0.0212,0.0034,12,18,18,0,0,,6,6,6,0,0,0,0,0,0,1000,1,5,5,0,0,0,4,4,0,0,0,0,4,4,0,0,0,5,5,0,0,10,58,23,4,19,7,1,PASS
c1908.aag,Benchmark,alg10_fast_save_cex_window,real_suites_planted,410,410,0,0.00%,410,410,0,0.00%,25,25,0.00%,0.0005,0.0000,0.0397,0.4409,0.0222,0.5376,820,241,189,0,52,,410,410,410,0,0,0,0,0,0,1000,1,53,53,0,0,0,70,48,0,22,0,0,48,41,0,7,0,70,47,0,23,133,17567,2295,52,5429,767,1,PASS
c2670.aag,Benchmark,alg10_fast_save_cex_window,real_suites_planted,650,650,0,0.00%,650,650,0,0.00%,24,24,0.00%,0.0010,0.0000,0.1101,0.5327,0.0220,1.0015,1300,678,663,0,15,,650,650,650,0,0,0,0,0,0,1000,1,165,165,0,0,0,263,263,0,0,0,0,143,143,0,0,0,107,92,0,15,496,148019,3402,164,30975,1135,1,PASS
c3540.aag,Benchmark,alg10_fast_save_cex_window,real_suites_planted,952,948,4,0.42%,952,948,4,0.42%,38,38,0.00%,0.0010,0.0000,0.2830,6.5706,0.0454,7.2013,1896,877,532,0,345,,952,948,948,4,0,0,0,0,0,1000,1,160,160,0,0,0,198,189,0,9,0,0,229,70,0,159,0,290,113,0,177,370,119218,5148,159,28873,1736,1,PASS
c432.aag,Benchmark,alg10_fast_save_cex_window,real_suites_planted,125,121,4,3.20%,125,121,4,3.20%,25,25,0.00%,0.0003,0.0000,0.0061,0.0542,0.0311,0.0751,242,113,110,0,3,,125,121,121,4,0,0,0,0,0,1000,1,32,32,0,0,0,25,25,0,0,0,0,29,29,0,0,0,27,24,0,3,77,4691,648,31,1005,210,1,PASS
c499.aag,Benchmark,alg10_fast_save_cex_window,real_suites_planted,508,508,0,0.00%,508,508,0,0.00%,20,20,0.00%,0.0007,0.0000,0.0815,0.7601,0.0231,0.9824,1016,402,357,0,45,,508,508,508,0,0,0,0,0,0,1000,1,79,79,0,0,0,163,149,0,14,0,0,69,60,0,9,0,91,69,0,22,275,50354,2747,78,9926,937,1,PASS
c5315.aag,Benchmark,alg10_fast_save_cex_window,real_suites_planted,1508,1504,4,0.27%,1508,1504,4,0.27%,33,33,0.00%,0.0018,0.0000,0.1411,1.5654,0.0307,2.5877,3008,845,733,0,112,,1508,1504,1504,4,0,0,0,0,0,5000,1,181,181,0,0,0,312,303,0,9,0,0,170,155,0,15,0,182,94,0,88,550,275268,8448,180,48629,2827,1,PASS
c6288.aag,Benchmark,alg10_fast_save_cex_window,real_suites_planted,1870,1870,0,0.00%,1870,1870,0,0.00%,89,89,0.00%,0.0019,0.0000,0.1418,2.8017,0.0217,3.2534,3740,448,369,0,79,,1870,1870,1870,0,0,0,0,0,0,5000,1,219,219,0,0,0,112,90,0,22,0,0,39,32,0,7,0,78,28,0,50,149,79972,11041,218,96647,3521,1,PASS
c7552.aag,Benchmark,alg10_fast_save_cex_window,real_suites_planted,1693,1679,14,0.83%,1693,1679,14,0.83%,35,35,0.00%,0.0018,0.0000,0.2670,2.2993,0.0350,4.1189,3358,1194,1042,0,152,,1693,1679,1679,14,0,0,0,0,0,5000,1,157,157,0,0,0,574,574,0,0,0,0,179,177,0,2,0,284,134,0,150,882,459625,9187,156,45170,3201,1,PASS
c880.aag,Benchmark,alg10_fast_save_cex_window,real_suites_planted,325,325,0,0.00%,325,325,0,0.00%,27,27,0.00%,0.0004,0.0000,0.0141,0.1530,0.0225,0.2314,650,306,297,0,9,,325,325,325,0,0,0,0,0,0,1000,1,83,83,0,0,0,93,93,0,0,0,0,77,77,0,0,0,53,44,0,9,211,39877,1736,82,9254,567,1,PASS
epfl_epfl_arithmetic_adder.aag,EPFL,alg10_fast_save_cex_window,real_suites_planted,1020,1020,0,0.00%,1020,1020,0,0.00%,255,255,0.00%,0.0012,0.0000,0.1878,0.8611,0.0220,1.6894,2040,833,820,0,13,,1020,1020,1020,0,0,0,0,0,0,1000,1,258,258,0,0,0,257,257,0,0,0,0,257,257,0,0,0,61,48,0,13,561,224328,5558,258,101357,1782,1,PASS
epfl_epfl_arithmetic_bar.aag,EPFL,alg10_fast_save_cex_window,real_suites_planted,3336,3336,0,0.00%,3336,3336,0,0.00%,12,12,0.00%,0.0035,0.0000,0.1018,12.0803,0.0270,13.1690,6672,1173,1039,0,134,UNRESOLVED_TIMEOUTS,3336,3336,3336,0,0,0,0,0,1,5000,1,728,728,0,0,0,176,176,0,0,0,0,55,55,0,0,0,214,80,0,134,309,211692,19704,728,693265,5944,1,PASS
epfl_epfl_arithmetic_div.aag,EPFL,alg10_fast_save_cex_window,real_suites_planted,57247,57203,44,0.08%,57247,57203,44,0.08%,4372,4371,0.02%,0.1245,0.0000,0.0000,59.5978,2.1181,60.1037,228900,79,71,8,0,TIME_BUDGET_CHECKPOINT,57247,57247,57203,0,44,8,0,1,4405,500,1,79,71,8,0,7032,0,0,0,0,0,0,0,0,0,0,0,0,0,0,0,0,0,0,71,1343348,217384,1,PASS
epfl_epfl_arithmetic_hyp.aag,EPFL,alg10_fast_save_cex_window,real_suites_planted,214335,214335,0,0.00%,214335,214335,0,0.00%,24801,24801,0.00%,0.3713,0.0000,0.0000,59.3484,0.3170,60.5907,428670,414,414,0,0,TIME_BUDGET_CHECKPOINT,214335,214335,214335,0,0,0,0,0,183289,500,1,414,414,0,0,2,0,0,0,0,0,0,0,0,0,0,0,0,0,0,0,0,0,0,414,81236713,244965,1,PASS
epfl_epfl_arithmetic_log2.aag,EPFL,alg10_fast_save_cex_window,real_suites_planted,32060,32052,8,0.02%,32060,32052,8,0.02%,444,444,0.00%,0.0514,0.0000,0.0130,17.7484,2.5922,60.5704,128224,823,818,4,1,TIME_BUDGET_CHECKPOINT,32060,32060,32052,0,8,4,0,1,25960,500,1,768,764,4,0,813,55,54,0,1,196,0,0,0,0,0,0,0,0,0,0,54,1603141,37893,764,3190937,126643,1,PASS
epfl_epfl_arithmetic_max.aag,EPFL,alg10_fast_save_cex_window,real_suites_planted,2865,2865,0,0.00%,2865,2865,0,0.00%,287,287,0.00%,0.0031,0.0000,3.3454,51.8393,0.0250,60.0110,5730,1874,1188,0,686,TIME_BUDGET_CHECKPOINT,2865,2865,2865,0,0,0,0,0,749,1000,1,527,527,0,0,258,732,581,0,151,427,0,615,80,0,535,0,0,0,0,0,661,922476,8937,527,576728,4945,1,PASS
epfl_epfl_arithmetic_multiplier.aag,EPFL,alg10_fast_save_cex_window,real_suites_planted,27062,27062,0,0.00%,27062,27062,0,0.00%,274,274,0.00%,0.0285,0.0000,0.0083,52.4451,0.0488,60.1369,54124,4168,4168,0,0,TIME_BUDGET_CHECKPOINT,27062,27062,27062,0,0,0,0,0,17799,500,1,4155,4155,0,0,92,13,13,0,0,95,0,0,0,0,0,0,0,0,0,0,13,356004,36217,4154,23213006,49877,1,PASS
epfl_epfl_arithmetic_sin.aag,EPFL,alg10_fast_save_cex_window,real_suites_planted,5416,5389,27,0.50%,5416,5389,27,0.50%,225,224,0.44%,0.0082,0.0000,0.8030,47.6362,0.5404,60.1141,21610,2081,879,14,1188,TIME_BUDGET_CHECKPOINT,5416,5416,5389,0,27,14,0,1,1382,1000,1,379,365,14,0,159,546,467,0,79,583,0,8,8,0,0,4742,1148,39,0,1109,514,815452,25034,363,245430,21072,1,PASS
epfl_epfl_arithmetic_sqrt.aag,EPFL,alg10_fast_save_cex_window,real_suites_planted,24618,24582,36,0.15%,24618,24582,36,0.15%,5058,5058,0.00%,0.0271,0.0000,0.2278,4.2376,1.2626,60.1036,49236,262,153,13,96,TIME_BUDGET_CHECKPOINT,24618,24618,24582,0,36,10,3,0,12548,500,1,88,88,0,0,314,174,65,13,96,7598,0,0,0,0,0,0,0,0,0,0,65,1504029,28916,88,251052,48834,1,PASS
epfl_epfl_arithmetic_square.aag,EPFL,alg10_fast_save_cex_window,real_suites_planted,18484,18484,0,0.00%,18484,18484,0,0.00%,250,250,0.00%,0.0192,0.0000,0.0820,19.0699,0.0403,60.0333,36968,2522,2517,0,5,TIME_BUDGET_CHECKPOINT,18484,18484,18484,0,0,0,0,0,11475,1000,1,2045,2045,0,0,83,465,460,0,5,81,0,12,12,0,0,1270,0,0,0,0,472,2057628,60633,2044,17807246,34840,1,PASS
epfl_epfl_random_control_arbiter.aag,EPFL,alg10_fast_save_cex_window,real_suites_planted,11839,11839,0,0.00%,11839,11839,0,0.00%,87,87,0.00%,0.0123,0.0000,0.0421,0.7026,0.0338,60.1828,23678,441,441,0,0,TIME_BUDGET_CHECKPOINT,11839,11839,11839,0,0,0,0,0,18839,500,1,110,110,0,0,0,331,331,0,0,188,0,0,0,0,0,0,0,0,0,0,331,6465698,4320,109,342276,23568,1,PASS
epfl_epfl_random_control_cavlc.aag,EPFL,alg10_fast_save_cex_window,real_suites_planted,693,693,0,0.00%,693,693,0,0.00%,16,16,0.00%,0.0007,0.0000,0.0191,0.5295,0.0209,0.7191,1386,375,368,0,7,,693,693,693,0,0,0,0,0,0,1000,1,44,44,0,0,0,116,116,0,0,0,0,103,103,0,0,0,112,105,0,7,321,92592,3834,43,5138,1342,1,PASS
epfl_epfl_random_control_ctrl.aag,EPFL,alg10_fast_save_cex_window,real_suites_planted,174,174,0,0.00%,174,174,0,0.00%,10,10,0.00%,0.0002,0.0000,0.0014,0.0174,0.0212,0.0310,348,94,94,0,0,,174,174,174,0,0,0,0,0,0,1000,1,20,20,0,0,0,26,26,0,0,0,0,24,24,0,0,0,24,24,0,0,71,6768,970,19,1152,328,1,PASS
epfl_epfl_random_control_dec.aag,EPFL,alg10_fast_save_cex_window,real_suites_planted,304,304,0,0.00%,304,304,0,0.00%,3,3,0.00%,0.0006,0.0000,0.0068,0.5342,0.0217,0.6941,608,1024,1024,0,0,,304,304,304,0,0,0,0,0,0,1000,1,256,256,0,0,0,256,256,0,0,0,0,256,256,0,0,0,256,256,0,0,765,106220,1056,255,35290,352,1,PASS
epfl_epfl_random_control_i2c.aag,EPFL,alg10_fast_save_cex_window,real_suites_planted,1342,1342,0,0.00%,1342,1342,0,0.00%,20,20,0.00%,0.0018,0.0000,0.0321,0.8045,0.0224,1.9394,2684,1034,1025,0,9,,1342,1342,1342,0,0,0,0,0,0,1000,1,228,228,0,0,0,322,322,0,0,0,0,303,303,0,0,0,181,172,0,9,794,427262,7255,227,84516,2456,1,PASS
epfl_epfl_random_control_int2float.aag,EPFL,alg10_fast_save_cex_window,real_suites_planted,260,260,0,0.00%,260,260,0,0.00%,16,16,0.00%,0.0003,0.0000,0.0051,0.0518,0.0221,0.0902,520,192,191,0,1,,260,260,260,0,0,0,0,0,0,1000,1,31,31,0,0,0,64,64,0,0,0,0,47,47,0,0,0,50,49,0,1,158,22192,1400,30,1992,489,1,PASS
epfl_epfl_random_control_mem_ctrl.aag,EPFL,alg10_fast_save_cex_window,real_suites_planted,46836,46834,2,0.00%,46836,46834,2,0.00%,114,114,0.00%,0.0542,0.0000,0.0000,59.9081,0.0893,60.2411,93672,2279,2278,1,0,TIME_BUDGET_CHECKPOINT,46836,46836,46834,0,2,1,0,0,2191,500,1,2279,2278,1,0,0,0,0,0,0,0,0,0,0,0,0,0,0,0,0,0,0,0,0,2278,25768652,89202,1,PASS
epfl_epfl_random_control_priority.aag,EPFL,alg10_fast_save_cex_window,real_suites_planted,978,978,0,0.00%,978,978,0,0.00%,250,250,0.00%,0.0010,0.0000,0.0759,1.4664,0.0229,1.8048,1956,599,551,0,48,,978,978,978,0,0,0,0,0,0,1000,1,180,180,0,0,0,156,154,0,2,0,0,102,101,0,1,0,161,116,0,45,368,81861,5494,180,22561,1776,1,PASS
epfl_epfl_random_control_router.aag,EPFL,alg10_fast_save_cex_window,real_suites_planted,257,251,6,2.33%,257,251,6,2.33%,54,53,1.85%,0.0003,0.0000,0.0336,0.1118,0.0285,0.2178,502,359,359,0,0,,257,251,251,6,0,0,0,0,0,1000,1,75,75,0,0,0,191,191,0,0,0,0,47,47,0,0,0,46,46,0,0,284,38354,1222,74,4821,427,1,PASS
epfl_epfl_random_control_voter.aag,EPFL,alg10_fast_save_cex_window,real_suites_planted,13758,13758,0,0.00%,13758,13758,0,0.00%,70,70,0.00%,0.0151,0.0000,0.0287,18.4036,0.0356,60.1888,27516,2930,2930,0,0,TIME_BUDGET_CHECKPOINT,13758,13758,13758,0,0,0,0,0,27347,500,1,2791,2791,0,0,312,139,139,0,0,2,0,0,0,0,0,0,0,0,0,0,139,3810852,28,2791,17266309,24413,1,PASS
planted_live_c1355.aag,Planted_Live,alg10_fast_save_cex_window,real_suites_planted,512,508,4,0.78%,512,508,4,0.78%,22,20,9.09%,0.0005,0.0000,0.0728,0.6874,0.0283,0.8706,1016,342,295,0,47,,512,508,508,4,0,0,0,0,0,1000,1,63,63,0,0,0,126,106,0,20,0,0,73,62,0,11,0,80,64,0,16,230,32955,2785,63,8618,953,1,PASS
planted_live_c17.aag,Planted_Live,alg10_fast_save_cex_window,real_suites_planted,10,6,4,40.00%,10,6,4,40.00%,5,3,40.00%,0.0001,0.0000,0.0001,0.0006,0.0281,0.0031,12,18,18,0,0,,10,6,6,4,0,0,0,0,0,1000,1,5,5,0,0,0,4,4,0,0,0,0,4,4,0,0,0,5,5,0,0,10,58,23,4,19,7,1,PASS
planted_live_c432.aag,Planted_Live,alg10_fast_save_cex_window,real_suites_planted,129,121,8,6.20%,129,121,8,6.20%,25,25,0.00%,0.0003,0.0000,0.0057,0.0487,0.0273,0.0676,242,113,110,0,3,,129,121,121,8,0,0,0,0,0,1000,1,32,32,0,0,0,25,25,0,0,0,0,29,29,0,0,0,27,24,0,3,77,4691,648,31,1005,210,1,PASS
planted_live_c880.aag,Planted_Live,alg10_fast_save_cex_window,real_suites_planted,329,325,4,1.22%,329,325,4,1.22%,27,27,0.00%,0.0005,0.0000,0.0146,0.1563,0.0283,0.2371,650,306,297,0,9,,329,325,325,4,0,0,0,0,0,1000,1,83,83,0,0,0,93,93,0,0,0,0,77,77,0,0,0,53,44,0,9,211,39877,1736,82,9254,567,1,PASS
planted_live_epfl_random_control_router.aag,Planted_Live,alg10_fast_save_cex_window,real_suites_planted,261,251,10,3.83%,261,251,10,3.83%,56,53,5.36%,0.0003,0.0000,0.0341,0.1122,0.0282,0.2189,502,359,359,0,0,,261,251,251,10,0,0,0,0,0,1000,1,75,75,0,0,0,191,191,0,0,0,0,47,47,0,0,0,46,46,0,0,284,38354,1222,74,4821,427,1,PASS
