Circuit,Solver,Wire_ID,Time_Sec,Status,Label
arbiter_8bit.aag,g3,10,0.000095,UNSAT,0
arbiter_8bit.aag,g3,23,0.000010,UNSAT,0
arbiter_8bit.aag,g3,19,0.000003,UNSAT,0
arbiter_8bit.aag,g3,22,0.000002,UNSAT,0
arbiter_8bit.aag,g3,17,0.000002,UNSAT,0
arbiter_8bit.aag,g3,9,0.000002,UNSAT,0
arbiter_8bit.aag,g3,20,0.000002,UNSAT,0
arbiter_8bit.aag,g3,1,0.000002,UNSAT,0
arbiter_8bit.aag,g4,10,0.000007,UNSAT,0
arbiter_8bit.aag,g4,23,0.000004,UNSAT,0
arbiter_8bit.aag,g4,19,0.000002,UNSAT,0
arbiter_8bit.aag,g4,22,0.000002,UNSAT,0
arbiter_8bit.aag,g4,17,0.000002,UNSAT,0
arbiter_8bit.aag,g4,9,0.000002,UNSAT,0
arbiter_8bit.aag,g4,20,0.000002,UNSAT,0
arbiter_8bit.aag,g4,1,0.000002,UNSAT,0
arbiter_8bit.aag,m22,10,0.000006,UNSAT,0
arbiter_8bit.aag,m22,23,0.000003,UNSAT,0
arbiter_8bit.aag,m22,19,0.000002,UNSAT,0
arbiter_8bit.aag,m22,22,0.000002,UNSAT,0
arbiter_8bit.aag,m22,17,0.000002,UNSAT,0
arbiter_8bit.aag,m22,9,0.000002,UNSAT,0
arbiter_8bit.aag,m22,20,0.000001,UNSAT,0
arbiter_8bit.aag,m22,1,0.000002,UNSAT,0
arbiter_8bit.aag,maplechrono,10,0.000008,UNSAT,0
arbiter_8bit.aag,maplechrono,23,0.000004,UNSAT,0
arbiter_8bit.aag,maplechrono,19,0.000004,UNSAT,0
arbiter_8bit.aag,maplechrono,22,0.000003,UNSAT,0
arbiter_8bit.aag,maplechrono,17,0.000003,UNSAT,0
arbiter_8bit.aag,maplechrono,9,0.000003,UNSAT,0
arbiter_8bit.aag,maplechrono,20,0.000003,UNSAT,0
arbiter_8bit.aag,maplechrono,1,0.000003,UNSAT,0
c499.aag,g3,550,0.000047,SAT,1
c499.aag,g3,551,0.000021,SAT,1
c499.aag,g3,552,0.000015,SAT,1
c499.aag,g3,553,0.000014,SAT,1
c499.aag,g3,554,0.000013,SAT,1
c499.aag,g3,555,0.000013,SAT,1
c499.aag,g3,556,0.000013,SAT,1
c499.aag,g3,557,0.000013,SAT,1
c499.aag,g3,558,0.000013,SAT,1
c499.aag,g3,559,0.000013,SAT,1
c499.aag,g3,560,0.000014,SAT,1
c499.aag,g3,561,0.000013,SAT,1
c499.aag,g3,562,0.000014,SAT,1
c499.aag,g3,563,0.000014,SAT,1
c499.aag,g3,564,0.000014,SAT,1
c499.aag,g3,565,0.000014,SAT,1
c499.aag,g3,566,0.000014,SAT,1
c499.aag,g3,567,0.000014,SAT,1
c499.aag,g3,568,0.000014,SAT,1
c499.aag,g3,569,0.000013,SAT,1
c499.aag,g3,570,0.000014,SAT,1
c499.aag,g3,571,0.000013,SAT,1
c499.aag,g3,572,0.000015,SAT,1
c499.aag,g3,573,0.000018,SAT,1
c499.aag,g3,574,0.000016,SAT,1
c499.aag,g3,575,0.000016,SAT,1
c499.aag,g3,576,0.000015,SAT,1
c499.aag,g3,577,0.000013,SAT,1
c499.aag,g3,578,0.000015,SAT,1
c499.aag,g3,579,0.000013,SAT,1
c499.aag,g3,580,0.000013,SAT,1
c499.aag,g3,581,0.000014,SAT,1
c499.aag,g4,550,0.000043,SAT,1
c499.aag,g4,551,0.000020,SAT,1
c499.aag,g4,552,0.000015,SAT,1
c499.aag,g4,553,0.000014,SAT,1
c499.aag,g4,554,0.000014,SAT,1
c499.aag,g4,555,0.000013,SAT,1
c499.aag,g4,556,0.000013,SAT,1
c499.aag,g4,557,0.000013,SAT,1
c499.aag,g4,558,0.000013,SAT,1
c499.aag,g4,559,0.000013,SAT,1
c499.aag,g4,560,0.000014,SAT,1
c499.aag,g4,561,0.000013,SAT,1
c499.aag,g4,562,0.000014,SAT,1
c499.aag,g4,563,0.000014,SAT,1
c499.aag,g4,564,0.000014,SAT,1
c499.aag,g4,565,0.000013,SAT,1
c499.aag,g4,566,0.000014,SAT,1
c499.aag,g4,567,0.000014,SAT,1
c499.aag,g4,568,0.000014,SAT,1
c499.aag,g4,569,0.000013,SAT,1
c499.aag,g4,570,0.000014,SAT,1
c499.aag,g4,571,0.000014,SAT,1
c499.aag,g4,572,0.000019,SAT,1
c499.aag,g4,573,0.000020,SAT,1
c499.aag,g4,574,0.000016,SAT,1
c499.aag,g4,575,0.000015,SAT,1
c499.aag,g4,576,0.000015,SAT,1
c499.aag,g4,577,0.000013,SAT,1
c499.aag,g4,578,0.000015,SAT,1
c499.aag,g4,579,0.000014,SAT,1
c499.aag,g4,580,0.000013,SAT,1
c499.aag,g4,581,0.000014,SAT,1
c499.aag,m22,550,0.000039,SAT,1
c499.aag,m22,551,0.000018,SAT,1
c499.aag,m22,552,0.000014,SAT,1
c499.aag,m22,553,0.000012,SAT,1
c499.aag,m22,554,0.000012,SAT,1
c499.aag,m22,555,0.000011,SAT,1
c499.aag,m22,556,0.000012,SAT,1
c499.aag,m22,557,0.000011,SAT,1
c499.aag,m22,558,0.000011,SAT,1
c499.aag,m22,559,0.000011,SAT,1
c499.aag,m22,560,0.000012,SAT,1
c499.aag,m22,561,0.000012,SAT,1
c499.aag,m22,562,0.000013,SAT,1
c499.aag,m22,563,0.000012,SAT,1
c499.aag,m22,564,0.000012,SAT,1
c499.aag,m22,565,0.000013,SAT,1
c499.aag,m22,566,0.000012,SAT,1
c499.aag,m22,567,0.000012,SAT,1
c499.aag,m22,568,0.000013,SAT,1
c499.aag,m22,569,0.000012,SAT,1
c499.aag,m22,570,0.000012,SAT,1
c499.aag,m22,571,0.000012,SAT,1
c499.aag,m22,572,0.000013,SAT,1
c499.aag,m22,573,0.000017,SAT,1
c499.aag,m22,574,0.000014,SAT,1
c499.aag,m22,575,0.000014,SAT,1
c499.aag,m22,576,0.000013,SAT,1
c499.aag,m22,577,0.000012,SAT,1
c499.aag,m22,578,0.000012,SAT,1
c499.aag,m22,579,0.000013,SAT,1
c499.aag,m22,580,0.000012,SAT,1
c499.aag,m22,581,0.000012,SAT,1
c499.aag,maplechrono,550,0.000047,SAT,1
c499.aag,maplechrono,551,0.000027,SAT,1
c499.aag,maplechrono,552,0.000017,SAT,1
c499.aag,maplechrono,553,0.000014,SAT,1
c499.aag,maplechrono,554,0.000013,SAT,1
c499.aag,maplechrono,555,0.000014,SAT,1
c499.aag,maplechrono,556,0.000013,SAT,1
c499.aag,maplechrono,557,0.000013,SAT,1
c499.aag,maplechrono,558,0.000014,SAT,1
c499.aag,maplechrono,559,0.000013,SAT,1
c499.aag,maplechrono,560,0.000015,SAT,1
c499.aag,maplechrono,561,0.000014,SAT,1
c499.aag,maplechrono,562,0.000014,SAT,1
c499.aag,maplechrono,563,0.000015,SAT,1
c499.aag,maplechrono,564,0.000015,SAT,1
c499.aag,maplechrono,565,0.000014,SAT,1
c499.aag,maplechrono,566,0.000014,SAT,1
c499.aag,maplechrono,567,0.000014,SAT,1
c499.aag,maplechrono,568,0.000024,SAT,1
c499.aag,maplechrono,569,0.000016,SAT,1
c499.aag,maplechrono,570,0.000015,SAT,1
c499.aag,maplechrono,571,0.000015,SAT,1
c499.aag,maplechrono,572,0.000015,SAT,1
c499.aag,maplechrono,573,0.000019,SAT,1
c499.aag,maplechrono,574,0.000016,SAT,1
c499.aag,maplechrono,575,0.000016,SAT,1
c499.aag,maplechrono,576,0.000019,SAT,1
c499.aag,maplechrono,577,0.000015,SAT,1
c499.aag,maplechrono,578,0.000023,SAT,1
c499.aag,maplechrono,579,0.000015,SAT,1
c499.aag,maplechrono,580,0.000014,SAT,1
c499.aag,maplechrono,581,0.000015,SAT,1
c5315.aag,g3,960,0.000009,UNSAT,0
c5315.aag,g3,1685,0.000002,UNSAT,0
c5315.aag,g3,1372,0.000001,UNSAT,0
c5315.aag,g3,1686,0.000001,UNSAT,0
c5315.aag,g3,1687,0.000001,UNSAT,0
c5315.aag,g3,1688,0.000001,UNSAT,0
c5315.aag,g3,1170,0.000001,UNSAT,0
c5315.aag,g3,1098,0.000001,UNSAT,0
c5315.aag,g3,1689,0.000001,UNSAT,0
c5315.aag,g3,1690,0.000001,UNSAT,0
c5315.aag,g3,1271,0.000001,UNSAT,0
c5315.aag,g3,547,0.000001,UNSAT,0
c5315.aag,g3,1691,0.000001,UNSAT,0
c5315.aag,g3,1692,0.000002,UNSAT,0
c5315.aag,g3,1693,0.000002,UNSAT,0
c5315.aag,g3,1513,0.000001,UNSAT,0
c5315.aag,g3,1694,0.000001,UNSAT,0
c5315.aag,g3,1695,0.000002,UNSAT,0
c5315.aag,g3,1696,0.000001,UNSAT,0
c5315.aag,g3,1145,0.000001,UNSAT,0
c5315.aag,g3,1697,0.000001,UNSAT,0
c5315.aag,g3,1372,0.000001,UNSAT,0
c5315.aag,g3,936,0.000001,UNSAT,0
c5315.aag,g3,1698,0.000001,UNSAT,0
c5315.aag,g3,1545,0.000001,UNSAT,0
c5315.aag,g3,1699,0.000001,UNSAT,0
c5315.aag,g3,1700,0.000001,UNSAT,0
c5315.aag,g3,1520,0.000001,UNSAT,0
c5315.aag,g3,1029,0.000001,UNSAT,0
c5315.aag,g3,1701,0.000001,UNSAT,0
c5315.aag,g3,1702,0.000001,UNSAT,0
c5315.aag,g3,1703,0.000001,UNSAT,0
c5315.aag,g3,1704,0.000001,UNSAT,0
c5315.aag,g3,1705,0.000002,UNSAT,0
c5315.aag,g3,472,0.000002,UNSAT,0
c5315.aag,g3,770,0.000001,UNSAT,0
c5315.aag,g3,1706,0.000001,UNSAT,0
c5315.aag,g3,1342,0.000001,UNSAT,0
c5315.aag,g3,1707,0.000001,UNSAT,0
c5315.aag,g3,1708,0.000001,UNSAT,0
c5315.aag,g3,741,0.000001,UNSAT,0
c5315.aag,g3,1041,0.000001,UNSAT,0
c5315.aag,g3,1709,0.000001,UNSAT,0
c5315.aag,g3,1710,0.000001,UNSAT,0
c5315.aag,g3,1267,0.000001,UNSAT,0
c5315.aag,g3,1332,0.000001,UNSAT,0
c5315.aag,g3,1711,0.000001,UNSAT,0
c5315.aag,g3,1712,0.000001,UNSAT,0
c5315.aag,g3,1672,0.000001,UNSAT,0
c5315.aag,g3,1612,0.000001,UNSAT,0
c5315.aag,g3,935,0.000001,UNSAT,0
c5315.aag,g3,1114,0.000001,UNSAT,0
c5315.aag,g3,1713,0.000001,UNSAT,0
c5315.aag,g3,1563,0.000002,UNSAT,0
c5315.aag,g3,1714,0.000001,UNSAT,0
c5315.aag,g3,1661,0.000001,UNSAT,0
c5315.aag,g3,1715,0.000001,UNSAT,0
c5315.aag,g3,1330,0.000001,UNSAT,0
c5315.aag,g3,1716,0.000001,UNSAT,0
c5315.aag,g3,875,0.000001,UNSAT,0
c5315.aag,g3,1333,0.000001,UNSAT,0
c5315.aag,g3,1057,0.000001,UNSAT,0
c5315.aag,g3,895,0.000001,UNSAT,0
c5315.aag,g3,1717,0.000001,UNSAT,0
c5315.aag,g3,1718,0.000001,UNSAT,0
c5315.aag,g3,929,0.000001,UNSAT,0
c5315.aag,g3,1719,0.000004,UNSAT,0
c5315.aag,g3,1720,0.000002,UNSAT,0
c5315.aag,g3,1245,0.000001,UNSAT,0
c5315.aag,g3,710,0.000001,UNSAT,0
c5315.aag,g3,1587,0.000001,UNSAT,0
c5315.aag,g3,1269,0.000001,UNSAT,0
c5315.aag,g3,1721,0.000001,UNSAT,0
c5315.aag,g3,1254,0.000001,UNSAT,0
c5315.aag,g3,1643,0.000001,UNSAT,0
c5315.aag,g3,1487,0.000001,UNSAT,0
c5315.aag,g3,1082,0.000002,UNSAT,0
c5315.aag,g3,1722,0.000001,UNSAT,0
c5315.aag,g3,1723,0.000001,UNSAT,0
c5315.aag,g3,1724,0.000001,UNSAT,0
c5315.aag,g3,861,0.000001,UNSAT,0
c5315.aag,g3,1352,0.000002,UNSAT,0
c5315.aag,g3,1725,0.000001,UNSAT,0
c5315.aag,g3,1466,0.000001,UNSAT,0
c5315.aag,g3,1726,0.000001,UNSAT,0
c5315.aag,g3,1,0.000001,UNSAT,0
c5315.aag,g3,1727,0.000001,UNSAT,0
c5315.aag,g3,1728,0.000002,UNSAT,0
c5315.aag,g3,1670,0.000001,UNSAT,0
c5315.aag,g3,1652,0.000001,UNSAT,0
c5315.aag,g3,1332,0.000002,UNSAT,0
c5315.aag,g3,1269,0.000001,UNSAT,0
c5315.aag,g3,947,0.000001,UNSAT,0
c5315.aag,g3,1162,0.000001,UNSAT,0
c5315.aag,g3,832,0.000001,UNSAT,0
c5315.aag,g3,1729,0.000001,UNSAT,0
c5315.aag,g3,1269,0.000001,UNSAT,0
c5315.aag,g3,547,0.000001,UNSAT,0
c5315.aag,g3,1730,0.000001,UNSAT,0
c5315.aag,g3,1731,0.000001,UNSAT,0
c5315.aag,g3,1732,0.000001,UNSAT,0
c5315.aag,g3,1105,0.000001,UNSAT,0
c5315.aag,g3,881,0.000001,UNSAT,0
c5315.aag,g3,1733,0.000001,UNSAT,0
c5315.aag,g3,1075,0.000002,UNSAT,0
c5315.aag,g3,1139,0.000001,UNSAT,0
c5315.aag,g3,1734,0.000001,UNSAT,0
c5315.aag,g3,1362,0.000001,UNSAT,0
c5315.aag,g3,1735,0.000001,UNSAT,0
c5315.aag,g3,1227,0.000001,UNSAT,0
c5315.aag,g3,880,0.000001,UNSAT,0
c5315.aag,g3,1050,0.000001,UNSAT,0
c5315.aag,g3,1234,0.000001,UNSAT,0
c5315.aag,g3,1269,0.000001,UNSAT,0
c5315.aag,g3,936,0.000001,UNSAT,0
c5315.aag,g3,1572,0.000001,UNSAT,0
c5315.aag,g3,765,0.000001,UNSAT,0
c5315.aag,g3,1736,0.000001,UNSAT,0
c5315.aag,g3,1554,0.000001,UNSAT,0
c5315.aag,g3,1737,0.000001,UNSAT,0
c5315.aag,g3,1738,0.000001,UNSAT,0
c5315.aag,g3,1269,0.000002,UNSAT,0
c5315.aag,g3,1188,0.000001,UNSAT,0
c5315.aag,g4,960,0.000005,UNSAT,0
c5315.aag,g4,1685,0.000002,UNSAT,0
c5315.aag,g4,1372,0.000001,UNSAT,0
c5315.aag,g4,1686,0.000001,UNSAT,0
c5315.aag,g4,1687,0.000001,UNSAT,0
c5315.aag,g4,1688,0.000001,UNSAT,0
c5315.aag,g4,1170,0.000001,UNSAT,0
c5315.aag,g4,1098,0.000001,UNSAT,0
c5315.aag,g4,1689,0.000001,UNSAT,0
c5315.aag,g4,1690,0.000001,UNSAT,0
c5315.aag,g4,1271,0.000001,UNSAT,0
c5315.aag,g4,547,0.000001,UNSAT,0
c5315.aag,g4,1691,0.000001,UNSAT,0
c5315.aag,g4,1692,0.000002,UNSAT,0
c5315.aag,g4,1693,0.000001,UNSAT,0
c5315.aag,g4,1513,0.000001,UNSAT,0
c5315.aag,g4,1694,0.000001,UNSAT,0
c5315.aag,g4,1695,0.000002,UNSAT,0
c5315.aag,g4,1696,0.000001,UNSAT,0
c5315.aag,g4,1145,0.000001,UNSAT,0
c5315.aag,g4,1697,0.000001,UNSAT,0
c5315.aag,g4,1372,0.000001,UNSAT,0
c5315.aag,g4,936,0.000001,UNSAT,0
c5315.aag,g4,1698,0.000001,UNSAT,0
c5315.aag,g4,1545,0.000001,UNSAT,0
c5315.aag,g4,1699,0.000001,UNSAT,0
c5315.aag,g4,1700,0.000001,UNSAT,0
c5315.aag,g4,1520,0.000001,UNSAT,0
c5315.aag,g4,1029,0.000001,UNSAT,0
c5315.aag,g4,1701,0.000001,UNSAT,0
c5315.aag,g4,1702,0.000001,UNSAT,0
c5315.aag,g4,1703,0.000001,UNSAT,0
c5315.aag,g4,1704,0.000001,UNSAT,0
c5315.aag,g4,1705,0.000001,UNSAT,0
c5315.aag,g4,472,0.000001,UNSAT,0
c5315.aag,g4,770,0.000001,UNSAT,0
c5315.aag,g4,1706,0.000001,UNSAT,0
c5315.aag,g4,1342,0.000001,UNSAT,0
c5315.aag,g4,1707,0.000001,UNSAT,0
c5315.aag,g4,1708,0.000001,UNSAT,0
c5315.aag,g4,741,0.000001,UNSAT,0
c5315.aag,g4,1041,0.000001,UNSAT,0
c5315.aag,g4,1709,0.000001,UNSAT,0
c5315.aag,g4,1710,0.000001,UNSAT,0
c5315.aag,g4,1267,0.000001,UNSAT,0
c5315.aag,g4,1332,0.000002,UNSAT,0
c5315.aag,g4,1711,0.000001,UNSAT,0
c5315.aag,g4,1712,0.000001,UNSAT,0
c5315.aag,g4,1672,0.000002,UNSAT,0
c5315.aag,g4,1612,0.000001,UNSAT,0
c5315.aag,g4,935,0.000001,UNSAT,0
c5315.aag,g4,1114,0.000001,UNSAT,0
c5315.aag,g4,1713,0.000001,UNSAT,0
c5315.aag,g4,1563,0.000001,UNSAT,0
c5315.aag,g4,1714,0.000002,UNSAT,0
c5315.aag,g4,1661,0.000001,UNSAT,0
c5315.aag,g4,1715,0.000001,UNSAT,0
c5315.aag,g4,1330,0.000001,UNSAT,0
c5315.aag,g4,1716,0.000001,UNSAT,0
c5315.aag,g4,875,0.000002,UNSAT,0
c5315.aag,g4,1333,0.000001,UNSAT,0
c5315.aag,g4,1057,0.000001,UNSAT,0
c5315.aag,g4,895,0.000001,UNSAT,0
c5315.aag,g4,1717,0.000001,UNSAT,0
c5315.aag,g4,1718,0.000001,UNSAT,0
c5315.aag,g4,929,0.000001,UNSAT,0
c5315.aag,g4,1719,0.000001,UNSAT,0
c5315.aag,g4,1720,0.000001,UNSAT,0
c5315.aag,g4,1245,0.000001,UNSAT,0
c5315.aag,g4,710,0.000001,UNSAT,0
c5315.aag,g4,1587,0.000001,UNSAT,0
c5315.aag,g4,1269,0.000001,UNSAT,0
c5315.aag,g4,1721,0.000001,UNSAT,0
c5315.aag,g4,1254,0.000001,UNSAT,0
c5315.aag,g4,1643,0.000001,UNSAT,0
c5315.aag,g4,1487,0.000001,UNSAT,0
c5315.aag,g4,1082,0.000001,UNSAT,0
c5315.aag,g4,1722,0.000001,UNSAT,0
c5315.aag,g4,1723,0.000001,UNSAT,0
c5315.aag,g4,1724,0.000001,UNSAT,0
c5315.aag,g4,861,0.000001,UNSAT,0
c5315.aag,g4,1352,0.000001,UNSAT,0
c5315.aag,g4,1725,0.000001,UNSAT,0
c5315.aag,g4,1466,0.000001,UNSAT,0
c5315.aag,g4,1726,0.000001,UNSAT,0
c5315.aag,g4,1,0.000001,UNSAT,0
c5315.aag,g4,1727,0.000001,UNSAT,0
c5315.aag,g4,1728,0.000001,UNSAT,0
c5315.aag,g4,1670,0.000001,UNSAT,0
c5315.aag,g4,1652,0.000001,UNSAT,0
c5315.aag,g4,1332,0.000001,UNSAT,0
c5315.aag,g4,1269,0.000001,UNSAT,0
c5315.aag,g4,947,0.000002,UNSAT,0
c5315.aag,g4,1162,0.000001,UNSAT,0
c5315.aag,g4,832,0.000001,UNSAT,0
c5315.aag,g4,1729,0.000001,UNSAT,0
c5315.aag,g4,1269,0.000001,UNSAT,0
c5315.aag,g4,547,0.000001,UNSAT,0
c5315.aag,g4,1730,0.000001,UNSAT,0
c5315.aag,g4,1731,0.000001,UNSAT,0
c5315.aag,g4,1732,0.000001,UNSAT,0
c5315.aag,g4,1105,0.000001,UNSAT,0
c5315.aag,g4,881,0.000001,UNSAT,0
c5315.aag,g4,1733,0.000001,UNSAT,0
c5315.aag,g4,1075,0.000001,UNSAT,0
c5315.aag,g4,1139,0.000001,UNSAT,0
c5315.aag,g4,1734,0.000001,UNSAT,0
c5315.aag,g4,1362,0.000001,UNSAT,0
c5315.aag,g4,1735,0.000001,UNSAT,0
c5315.aag,g4,1227,0.000001,UNSAT,0
c5315.aag,g4,880,0.000001,UNSAT,0
c5315.aag,g4,1050,0.000001,UNSAT,0
c5315.aag,g4,1234,0.000001,UNSAT,0
c5315.aag,g4,1269,0.000001,UNSAT,0
c5315.aag,g4,936,0.000001,UNSAT,0
c5315.aag,g4,1572,0.000001,UNSAT,0
c5315.aag,g4,765,0.000001,UNSAT,0
c5315.aag,g4,1736,0.000001,UNSAT,0
c5315.aag,g4,1554,0.000001,UNSAT,0
c5315.aag,g4,1737,0.000001,UNSAT,0
c5315.aag,g4,1738,0.000001,UNSAT,0
c5315.aag,g4,1269,0.000001,UNSAT,0
c5315.aag,g4,1188,0.000001,UNSAT,0
c5315.aag,m22,960,0.000004,UNSAT,0
c5315.aag,m22,1685,0.000001,UNSAT,0
c5315.aag,m22,1372,0.000001,UNSAT,0
c5315.aag,m22,1686,0.000002,UNSAT,0
c5315.aag,m22,1687,0.000001,UNSAT,0
c5315.aag,m22,1688,0.000001,UNSAT,0
c5315.aag,m22,1170,0.000001,UNSAT,0
c5315.aag,m22,1098,0.000001,UNSAT,0
c5315.aag,m22,1689,0.000001,UNSAT,0
c5315.aag,m22,1690,0.000001,UNSAT,0
c5315.aag,m22,1271,0.000001,UNSAT,0
c5315.aag,m22,547,0.000001,UNSAT,0
c5315.aag,m22,1691,0.000001,UNSAT,0
c5315.aag,m22,1692,0.000002,UNSAT,0
c5315.aag,m22,1693,0.000001,UNSAT,0
c5315.aag,m22,1513,0.000001,UNSAT,0
c5315.aag,m22,1694,0.000001,UNSAT,0
c5315.aag,m22,1695,0.000001,UNSAT,0
c5315.aag,m22,1696,0.000001,UNSAT,0
c5315.aag,m22,1145,0.000001,UNSAT,0
c5315.aag,m22,1697,0.000001,UNSAT,0
c5315.aag,m22,1372,0.000001,UNSAT,0
c5315.aag,m22,936,0.000002,UNSAT,0
c5315.aag,m22,1698,0.000001,UNSAT,0
c5315.aag,m22,1545,0.000001,UNSAT,0
c5315.aag,m22,1699,0.000001,UNSAT,0
c5315.aag,m22,1700,0.000001,UNSAT,0
c5315.aag,m22,1520,0.000001,UNSAT,0
c5315.aag,m22,1029,0.000001,UNSAT,0
c5315.aag,m22,1701,0.000001,UNSAT,0
c5315.aag,m22,1702,0.000001,UNSAT,0
c5315.aag,m22,1703,0.000001,UNSAT,0
c5315.aag,m22,1704,0.000001,UNSAT,0
c5315.aag,m22,1705,0.000002,UNSAT,0
c5315.aag,m22,472,0.000001,UNSAT,0
c5315.aag,m22,770,0.000001,UNSAT,0
c5315.aag,m22,1706,0.000001,UNSAT,0
c5315.aag,m22,1342,0.000001,UNSAT,0
c5315.aag,m22,1707,0.000001,UNSAT,0
c5315.aag,m22,1708,0.000002,UNSAT,0
c5315.aag,m22,741,0.000001,UNSAT,0
c5315.aag,m22,1041,0.000001,UNSAT,0
c5315.aag,m22,1709,0.000001,UNSAT,0
c5315.aag,m22,1710,0.000001,UNSAT,0
c5315.aag,m22,1267,0.000001,UNSAT,0
c5315.aag,m22,1332,0.000002,UNSAT,0
c5315.aag,m22,1711,0.000001,UNSAT,0
c5315.aag,m22,1712,0.000004,UNSAT,0
c5315.aag,m22,1672,0.000002,UNSAT,0
c5315.aag,m22,1612,0.000001,UNSAT,0
c5315.aag,m22,935,0.000001,UNSAT,0
c5315.aag,m22,1114,0.000002,UNSAT,0
c5315.aag,m22,1713,0.000002,UNSAT,0
c5315.aag,m22,1563,0.000001,UNSAT,0
c5315.aag,m22,1714,0.000001,UNSAT,0
c5315.aag,m22,1661,0.000001,UNSAT,0
c5315.aag,m22,1715,0.000001,UNSAT,0
c5315.aag,m22,1330,0.000002,UNSAT,0
c5315.aag,m22,1716,0.000001,UNSAT,0
c5315.aag,m22,875,0.000001,UNSAT,0
c5315.aag,m22,1333,0.000002,UNSAT,0
c5315.aag,m22,1057,0.000001,UNSAT,0
c5315.aag,m22,895,0.000001,UNSAT,0
c5315.aag,m22,1717,0.000001,UNSAT,0
c5315.aag,m22,1718,0.000001,UNSAT,0
c5315.aag,m22,929,0.000001,UNSAT,0
c5315.aag,m22,1719,0.000001,UNSAT,0
c5315.aag,m22,1720,0.000001,UNSAT,0
c5315.aag,m22,1245,0.000001,UNSAT,0
c5315.aag,m22,710,0.000001,UNSAT,0
c5315.aag,m22,1587,0.000001,UNSAT,0
c5315.aag,m22,1269,0.000002,UNSAT,0
c5315.aag,m22,1721,0.000001,UNSAT,0
c5315.aag,m22,1254,0.000001,UNSAT,0
c5315.aag,m22,1643,0.000001,UNSAT,0
c5315.aag,m22,1487,0.000001,UNSAT,0
c5315.aag,m22,1082,0.000002,UNSAT,0
c5315.aag,m22,1722,0.000001,UNSAT,0
c5315.aag,m22,1723,0.000001,UNSAT,0
c5315.aag,m22,1724,0.000001,UNSAT,0
c5315.aag,m22,861,0.000001,UNSAT,0
c5315.aag,m22,1352,0.000001,UNSAT,0
c5315.aag,m22,1725,0.000001,UNSAT,0
c5315.aag,m22,1466,0.000001,UNSAT,0
c5315.aag,m22,1726,0.000001,UNSAT,0
c5315.aag,m22,1,0.000001,UNSAT,0
c5315.aag,m22,1727,0.000001,UNSAT,0
c5315.aag,m22,1728,0.000001,UNSAT,0
c5315.aag,m22,1670,0.000001,UNSAT,0
c5315.aag,m22,1652,0.000001,UNSAT,0
c5315.aag,m22,1332,0.000001,UNSAT,0
c5315.aag,m22,1269,0.000001,UNSAT,0
c5315.aag,m22,947,0.000001,UNSAT,0
c5315.aag,m22,1162,0.000001,UNSAT,0
c5315.aag,m22,832,0.000001,UNSAT,0
c5315.aag,m22,1729,0.000001,UNSAT,0
c5315.aag,m22,1269,0.000002,UNSAT,0
c5315.aag,m22,547,0.000002,UNSAT,0
c5315.aag,m22,1730,0.000001,UNSAT,0
c5315.aag,m22,1731,0.000001,UNSAT,0
c5315.aag,m22,1732,0.000001,UNSAT,0
c5315.aag,m22,1105,0.000001,UNSAT,0
c5315.aag,m22,881,0.000001,UNSAT,0
c5315.aag,m22,1733,0.000001,UNSAT,0
c5315.aag,m22,1075,0.000001,UNSAT,0
c5315.aag,m22,1139,0.000001,UNSAT,0
c5315.aag,m22,1734,0.000001,UNSAT,0
c5315.aag,m22,1362,0.000001,UNSAT,0
c5315.aag,m22,1735,0.000001,UNSAT,0
c5315.aag,m22,1227,0.000001,UNSAT,0
c5315.aag,m22,880,0.000001,UNSAT,0
c5315.aag,m22,1050,0.000001,UNSAT,0
c5315.aag,m22,1234,0.000001,UNSAT,0
c5315.aag,m22,1269,0.000001,UNSAT,0
c5315.aag,m22,936,0.000001,UNSAT,0
c5315.aag,m22,1572,0.000001,UNSAT,0
c5315.aag,m22,765,0.000001,UNSAT,0
c5315.aag,m22,1736,0.000001,UNSAT,0
c5315.aag,m22,1554,0.000001,UNSAT,0
c5315.aag,m22,1737,0.000001,UNSAT,0
c5315.aag,m22,1738,0.000001,UNSAT,0
c5315.aag,m22,1269,0.000001,UNSAT,0
c5315.aag,m22,1188,0.000001,UNSAT,0
c5315.aag,maplechrono,960,0.000006,UNSAT,0
c5315.aag,maplechrono,1685,0.000003,UNSAT,0
c5315.aag,maplechrono,1372,0.000002,UNSAT,0
c5315.aag,maplechrono,1686,0.000002,UNSAT,0
c5315.aag,maplechrono,1687,0.000002,UNSAT,0
c5315.aag,maplechrono,1688,0.000002,UNSAT,0
c5315.aag,maplechrono,1170,0.000002,UNSAT,0
c5315.aag,maplechrono,1098,0.000002,UNSAT,0
c5315.aag,maplechrono,1689,0.000002,UNSAT,0
c5315.aag,maplechrono,1690,0.000002,UNSAT,0
c5315.aag,maplechrono,1271,0.000002,UNSAT,0
c5315.aag,maplechrono,547,0.000002,UNSAT,0
c5315.aag,maplechrono,1691,0.000002,UNSAT,0
c5315.aag,maplechrono,1692,0.000003,UNSAT,0
c5315.aag,maplechrono,1693,0.000003,UNSAT,0
c5315.aag,maplechrono,1513,0.000003,UNSAT,0
c5315.aag,maplechrono,1694,0.000003,UNSAT,0
c5315.aag,maplechrono,1695,0.000003,UNSAT,0
c5315.aag,maplechrono,1696,0.000003,UNSAT,0
c5315.aag,maplechrono,1145,0.000003,UNSAT,0
c5315.aag,maplechrono,1697,0.000003,UNSAT,0
c5315.aag,maplechrono,1372,0.000002,UNSAT,0
c5315.aag,maplechrono,936,0.000002,UNSAT,0
c5315.aag,maplechrono,1698,0.000002,UNSAT,0
c5315.aag,maplechrono,1545,0.000003,UNSAT,0
c5315.aag,maplechrono,1699,0.000003,UNSAT,0
c5315.aag,maplechrono,1700,0.000003,UNSAT,0
c5315.aag,maplechrono,1520,0.000003,UNSAT,0
c5315.aag,maplechrono,1029,0.000003,UNSAT,0
c5315.aag,maplechrono,1701,0.000003,UNSAT,0
c5315.aag,maplechrono,1702,0.000003,UNSAT,0
c5315.aag,maplechrono,1703,0.000002,UNSAT,0
c5315.aag,maplechrono,1704,0.000002,UNSAT,0
c5315.aag,maplechrono,1705,0.000003,UNSAT,0
c5315.aag,maplechrono,472,0.000003,UNSAT,0
c5315.aag,maplechrono,770,0.000002,UNSAT,0
c5315.aag,maplechrono,1706,0.000002,UNSAT,0
c5315.aag,maplechrono,1342,0.000002,UNSAT,0
c5315.aag,maplechrono,1707,0.000002,UNSAT,0
c5315.aag,maplechrono,1708,0.000002,UNSAT,0
c5315.aag,maplechrono,741,0.000002,UNSAT,0
c5315.aag,maplechrono,1041,0.000002,UNSAT,0
c5315.aag,maplechrono,1709,0.000003,UNSAT,0
c5315.aag,maplechrono,1710,0.000002,UNSAT,0
c5315.aag,maplechrono,1267,0.000002,UNSAT,0
c5315.aag,maplechrono,1332,0.000002,UNSAT,0
c5315.aag,maplechrono,1711,0.000002,UNSAT,0
c5315.aag,maplechrono,1712,0.000002,UNSAT,0
c5315.aag,maplechrono,1672,0.000002,UNSAT,0
c5315.aag,maplechrono,1612,0.000002,UNSAT,0
c5315.aag,maplechrono,935,0.000002,UNSAT,0
c5315.aag,maplechrono,1114,0.000002,UNSAT,0
c5315.aag,maplechrono,1713,0.000003,UNSAT,0
c5315.aag,maplechrono,1563,0.000003,UNSAT,0
c5315.aag,maplechrono,1714,0.000002,UNSAT,0
c5315.aag,maplechrono,1661,0.000002,UNSAT,0
c5315.aag,maplechrono,1715,0.000002,UNSAT,0
c5315.aag,maplechrono,1330,0.000002,UNSAT,0
c5315.aag,maplechrono,1716,0.000002,UNSAT,0
c5315.aag,maplechrono,875,0.000002,UNSAT,0
c5315.aag,maplechrono,1333,0.000003,UNSAT,0
c5315.aag,maplechrono,1057,0.000002,UNSAT,0
c5315.aag,maplechrono,895,0.000003,UNSAT,0
c5315.aag,maplechrono,1717,0.000003,UNSAT,0
c5315.aag,maplechrono,1718,0.000002,UNSAT,0
c5315.aag,maplechrono,929,0.000002,UNSAT,0
c5315.aag,maplechrono,1719,0.000002,UNSAT,0
c5315.aag,maplechrono,1720,0.000002,UNSAT,0
c5315.aag,maplechrono,1245,0.000002,UNSAT,0
c5315.aag,maplechrono,710,0.000002,UNSAT,0
c5315.aag,maplechrono,1587,0.000002,UNSAT,0
c5315.aag,maplechrono,1269,0.000002,UNSAT,0
c5315.aag,maplechrono,1721,0.000002,UNSAT,0
c5315.aag,maplechrono,1254,0.000002,UNSAT,0
c5315.aag,maplechrono,1643,0.000002,UNSAT,0
c5315.aag,maplechrono,1487,0.000002,UNSAT,0
c5315.aag,maplechrono,1082,0.000002,UNSAT,0
c5315.aag,maplechrono,1722,0.000002,UNSAT,0
c5315.aag,maplechrono,1723,0.000002,UNSAT,0
c5315.aag,maplechrono,1724,0.000002,UNSAT,0
c5315.aag,maplechrono,861,0.000003,UNSAT,0
c5315.aag,maplechrono,1352,0.000003,UNSAT,0
c5315.aag,maplechrono,1725,0.000002,UNSAT,0
c5315.aag,maplechrono,1466,0.000003,UNSAT,0
c5315.aag,maplechrono,1726,0.000002,UNSAT,0
c5315.aag,maplechrono,1,0.000002,UNSAT,0
c5315.aag,maplechrono,1727,0.000002,UNSAT,0
c5315.aag,maplechrono,1728,0.000002,UNSAT,0
c5315.aag,maplechrono,1670,0.000002,UNSAT,0
c5315.aag,maplechrono,1652,0.000003,UNSAT,0
c5315.aag,maplechrono,1332,0.000002,UNSAT,0
c5315.aag,maplechrono,1269,0.000002,UNSAT,0
c5315.aag,maplechrono,947,0.000002,UNSAT,0
c5315.aag,maplechrono,1162,0.000002,UNSAT,0
c5315.aag,maplechrono,832,0.000002,UNSAT,0
c5315.aag,maplechrono,1729,0.000002,UNSAT,0
c5315.aag,maplechrono,1269,0.000002,UNSAT,0
c5315.aag,maplechrono,547,0.000002,UNSAT,0
c5315.aag,maplechrono,1730,0.000002,UNSAT,0
c5315.aag,maplechrono,1731,0.000002,UNSAT,0
c5315.aag,maplechrono,1732,0.000002,UNSAT,0
c5315.aag,maplechrono,1105,0.000002,UNSAT,0
c5315.aag,maplechrono,881,0.000002,UNSAT,0
c5315.aag,maplechrono,1733,0.000003,UNSAT,0
c5315.aag,maplechrono,1075,0.000002,UNSAT,0
c5315.aag,maplechrono,1139,0.000003,UNSAT,0
c5315.aag,maplechrono,1734,0.000002,UNSAT,0
c5315.aag,maplechrono,1362,0.000002,UNSAT,0
c5315.aag,maplechrono,1735,0.000002,UNSAT,0
c5315.aag,maplechrono,1227,0.000002,UNSAT,0
c5315.aag,maplechrono,880,0.000002,UNSAT,0
c5315.aag,maplechrono,1050,0.000003,UNSAT,0
c5315.aag,maplechrono,1234,0.000002,UNSAT,0
c5315.aag,maplechrono,1269,0.000002,UNSAT,0
c5315.aag,maplechrono,936,0.000002,UNSAT,0
c5315.aag,maplechrono,1572,0.000002,UNSAT,0
c5315.aag,maplechrono,765,0.000002,UNSAT,0
c5315.aag,maplechrono,1736,0.000002,UNSAT,0
c5315.aag,maplechrono,1554,0.000002,UNSAT,0
c5315.aag,maplechrono,1737,0.000002,UNSAT,0
c5315.aag,maplechrono,1738,0.000005,UNSAT,0
c5315.aag,maplechrono,1269,0.000003,UNSAT,0
c5315.aag,maplechrono,1188,0.000002,UNSAT,0
c1908.aag,g3,288,0.000118,SAT,1
c1908.aag,g3,414,0.000023,SAT,1
c1908.aag,g3,335,0.000017,SAT,1
c1908.aag,g3,346,0.000015,SAT,1
c1908.aag,g3,411,0.000013,SAT,1
c1908.aag,g3,373,0.000012,SAT,1
c1908.aag,g3,444,0.000012,SAT,1
c1908.aag,g3,445,0.000012,SAT,1
c1908.aag,g3,408,0.000012,SAT,1
c1908.aag,g3,355,0.000012,SAT,1
c1908.aag,g3,272,0.000012,SAT,1
c1908.aag,g3,349,0.000012,SAT,1
c1908.aag,g3,385,0.000012,SAT,1
c1908.aag,g3,259,0.000012,SAT,1
c1908.aag,g3,446,0.000012,SAT,1
c1908.aag,g3,379,0.000012,SAT,1
c1908.aag,g3,370,0.000012,SAT,1
c1908.aag,g3,394,0.000012,SAT,1
c1908.aag,g3,443,0.000012,SAT,1
c1908.aag,g3,388,0.000012,SAT,1
c1908.aag,g3,361,0.000012,SAT,1
c1908.aag,g3,280,0.000012,SAT,1
c1908.aag,g3,367,0.000012,SAT,1
c1908.aag,g3,391,0.000012,SAT,1
c1908.aag,g3,352,0.000012,SAT,1
c1908.aag,g4,288,0.000124,SAT,1
c1908.aag,g4,414,0.000025,SAT,1
c1908.aag,g4,335,0.000018,SAT,1
c1908.aag,g4,346,0.000015,SAT,1
c1908.aag,g4,411,0.000013,SAT,1
c1908.aag,g4,373,0.000012,SAT,1
c1908.aag,g4,444,0.000012,SAT,1
c1908.aag,g4,445,0.000012,SAT,1
c1908.aag,g4,408,0.000012,SAT,1
c1908.aag,g4,355,0.000012,SAT,1
c1908.aag,g4,272,0.000012,SAT,1
c1908.aag,g4,349,0.000012,SAT,1
c1908.aag,g4,385,0.000012,SAT,1
c1908.aag,g4,259,0.000012,SAT,1
c1908.aag,g4,446,0.000012,SAT,1
c1908.aag,g4,379,0.000012,SAT,1
c1908.aag,g4,370,0.000011,SAT,1
c1908.aag,g4,394,0.000012,SAT,1
c1908.aag,g4,443,0.000012,SAT,1
c1908.aag,g4,388,0.000012,SAT,1
c1908.aag,g4,361,0.000012,SAT,1
c1908.aag,g4,280,0.000012,SAT,1
c1908.aag,g4,367,0.000012,SAT,1
c1908.aag,g4,391,0.000012,SAT,1
c1908.aag,g4,352,0.000012,SAT,1
c1908.aag,m22,288,0.000119,SAT,1
c1908.aag,m22,414,0.000022,SAT,1
c1908.aag,m22,335,0.000017,SAT,1
c1908.aag,m22,346,0.000011,SAT,1
c1908.aag,m22,411,0.000009,SAT,1
c1908.aag,m22,373,0.000009,SAT,1
c1908.aag,m22,444,0.000009,SAT,1
c1908.aag,m22,445,0.000009,SAT,1
c1908.aag,m22,408,0.000009,SAT,1
c1908.aag,m22,355,0.000009,SAT,1
c1908.aag,m22,272,0.000009,SAT,1
c1908.aag,m22,349,0.000009,SAT,1
c1908.aag,m22,385,0.000009,SAT,1
c1908.aag,m22,259,0.000010,SAT,1
c1908.aag,m22,446,0.000009,SAT,1
c1908.aag,m22,379,0.000009,SAT,1
c1908.aag,m22,370,0.000009,SAT,1
c1908.aag,m22,394,0.000009,SAT,1
c1908.aag,m22,443,0.000009,SAT,1
c1908.aag,m22,388,0.000009,SAT,1
c1908.aag,m22,361,0.000009,SAT,1
c1908.aag,m22,280,0.000009,SAT,1
c1908.aag,m22,367,0.000009,SAT,1
c1908.aag,m22,391,0.000010,SAT,1
c1908.aag,m22,352,0.000009,SAT,1
c1908.aag,maplechrono,288,0.000272,SAT,1
c1908.aag,maplechrono,414,0.000035,SAT,1
c1908.aag,maplechrono,335,0.000031,SAT,1
c1908.aag,maplechrono,346,0.000027,SAT,1
c1908.aag,maplechrono,411,0.000030,SAT,1
c1908.aag,maplechrono,373,0.000020,SAT,1
c1908.aag,maplechrono,444,0.000017,SAT,1
c1908.aag,maplechrono,445,0.000015,SAT,1
c1908.aag,maplechrono,408,0.000014,SAT,1
c1908.aag,maplechrono,355,0.000014,SAT,1
c1908.aag,maplechrono,272,0.000014,SAT,1
c1908.aag,maplechrono,349,0.000014,SAT,1
c1908.aag,maplechrono,385,0.000014,SAT,1
c1908.aag,maplechrono,259,0.000014,SAT,1
c1908.aag,maplechrono,446,0.000014,SAT,1
c1908.aag,maplechrono,379,0.000014,SAT,1
c1908.aag,maplechrono,370,0.000014,SAT,1
c1908.aag,maplechrono,394,0.000014,SAT,1
c1908.aag,maplechrono,443,0.000013,SAT,1
c1908.aag,maplechrono,388,0.000014,SAT,1
c1908.aag,maplechrono,361,0.000014,SAT,1
c1908.aag,maplechrono,280,0.000014,SAT,1
c1908.aag,maplechrono,367,0.000014,SAT,1
c1908.aag,maplechrono,391,0.000014,SAT,1
c1908.aag,maplechrono,352,0.000014,SAT,1
c432.aag,g3,162,0.000022,SAT,1
c432.aag,g3,163,0.000009,SAT,1
c432.aag,g3,164,0.000007,SAT,1
c432.aag,g3,165,0.000006,SAT,1
c432.aag,g3,158,0.000007,SAT,1
c432.aag,g3,166,0.000008,SAT,1
c432.aag,g3,167,0.000006,SAT,1
c432.aag,g4,162,0.000021,SAT,1
c432.aag,g4,163,0.000010,SAT,1
c432.aag,g4,164,0.000009,SAT,1
c432.aag,g4,165,0.000008,SAT,1
c432.aag,g4,158,0.000008,SAT,1
c432.aag,g4,166,0.000008,SAT,1
c432.aag,g4,167,0.000007,SAT,1
c432.aag,m22,162,0.000031,SAT,1
c432.aag,m22,163,0.000008,SAT,1
c432.aag,m22,164,0.000009,SAT,1
c432.aag,m22,165,0.000008,SAT,1
c432.aag,m22,158,0.000008,SAT,1
c432.aag,m22,166,0.000010,SAT,1
c432.aag,m22,167,0.000009,SAT,1
c432.aag,maplechrono,162,0.000032,SAT,1
c432.aag,maplechrono,163,0.000014,SAT,1
c432.aag,maplechrono,164,0.000009,SAT,1
c432.aag,maplechrono,165,0.000024,SAT,1
c432.aag,maplechrono,158,0.000014,SAT,1
c432.aag,maplechrono,166,0.000012,SAT,1
c432.aag,maplechrono,167,0.000011,SAT,1
c1355.aag,g3,550,0.000047,SAT,1
c1355.aag,g3,551,0.000022,SAT,1
c1355.aag,g3,552,0.000016,SAT,1
c1355.aag,g3,553,0.000014,SAT,1
c1355.aag,g3,554,0.000013,SAT,1
c1355.aag,g3,555,0.000013,SAT,1
c1355.aag,g3,556,0.000013,SAT,1
c1355.aag,g3,557,0.000013,SAT,1
c1355.aag,g3,558,0.000013,SAT,1
c1355.aag,g3,559,0.000018,SAT,1
c1355.aag,g3,560,0.000015,SAT,1
c1355.aag,g3,561,0.000035,SAT,1
c1355.aag,g3,562,0.000020,SAT,1
c1355.aag,g3,563,0.000016,SAT,1
c1355.aag,g3,564,0.000014,SAT,1
c1355.aag,g3,565,0.000019,SAT,1
c1355.aag,g3,566,0.000015,SAT,1
c1355.aag,g3,567,0.000014,SAT,1
c1355.aag,g3,568,0.000014,SAT,1
c1355.aag,g3,569,0.000013,SAT,1
c1355.aag,g3,570,0.000013,SAT,1
c1355.aag,g3,571,0.000015,SAT,1
c1355.aag,g3,572,0.000014,SAT,1
c1355.aag,g3,573,0.000015,SAT,1
c1355.aag,g3,574,0.000016,SAT,1
c1355.aag,g3,575,0.000017,SAT,1
c1355.aag,g3,576,0.000014,SAT,1
c1355.aag,g3,577,0.000013,SAT,1
c1355.aag,g3,578,0.000015,SAT,1
c1355.aag,g3,579,0.000013,SAT,1
c1355.aag,g3,580,0.000013,SAT,1
c1355.aag,g3,581,0.000013,SAT,1
c1355.aag,g4,550,0.000042,SAT,1
c1355.aag,g4,551,0.000020,SAT,1
c1355.aag,g4,552,0.000016,SAT,1
c1355.aag,g4,553,0.000014,SAT,1
c1355.aag,g4,554,0.000013,SAT,1
c1355.aag,g4,555,0.000013,SAT,1
c1355.aag,g4,556,0.000013,SAT,1
c1355.aag,g4,557,0.000013,SAT,1
c1355.aag,g4,558,0.000013,SAT,1
c1355.aag,g4,559,0.000013,SAT,1
c1355.aag,g4,560,0.000015,SAT,1
c1355.aag,g4,561,0.000014,SAT,1
c1355.aag,g4,562,0.000014,SAT,1
c1355.aag,g4,563,0.000014,SAT,1
c1355.aag,g4,564,0.000014,SAT,1
c1355.aag,g4,565,0.000018,SAT,1
c1355.aag,g4,566,0.000015,SAT,1
c1355.aag,g4,567,0.000015,SAT,1
c1355.aag,g4,568,0.000014,SAT,1
c1355.aag,g4,569,0.000013,SAT,1
c1355.aag,g4,570,0.000014,SAT,1
c1355.aag,g4,571,0.000015,SAT,1
c1355.aag,g4,572,0.000014,SAT,1
c1355.aag,g4,573,0.000016,SAT,1
c1355.aag,g4,574,0.000016,SAT,1
c1355.aag,g4,575,0.000017,SAT,1
c1355.aag,g4,576,0.000014,SAT,1
c1355.aag,g4,577,0.000013,SAT,1
c1355.aag,g4,578,0.000015,SAT,1
c1355.aag,g4,579,0.000013,SAT,1
c1355.aag,g4,580,0.000013,SAT,1
c1355.aag,g4,581,0.000017,SAT,1
c1355.aag,m22,550,0.000041,SAT,1
c1355.aag,m22,551,0.000019,SAT,1
c1355.aag,m22,552,0.000015,SAT,1
c1355.aag,m22,553,0.000012,SAT,1
c1355.aag,m22,554,0.000012,SAT,1
c1355.aag,m22,555,0.000012,SAT,1
c1355.aag,m22,556,0.000012,SAT,1
c1355.aag,m22,557,0.000012,SAT,1
c1355.aag,m22,558,0.000011,SAT,1
c1355.aag,m22,559,0.000012,SAT,1
c1355.aag,m22,560,0.000013,SAT,1
c1355.aag,m22,561,0.000012,SAT,1
c1355.aag,m22,562,0.000013,SAT,1
c1355.aag,m22,563,0.000013,SAT,1
c1355.aag,m22,564,0.000012,SAT,1
c1355.aag,m22,565,0.000012,SAT,1
c1355.aag,m22,566,0.000012,SAT,1
c1355.aag,m22,567,0.000012,SAT,1
c1355.aag,m22,568,0.000012,SAT,1
c1355.aag,m22,569,0.000012,SAT,1
c1355.aag,m22,570,0.000012,SAT,1
c1355.aag,m22,571,0.000011,SAT,1
c1355.aag,m22,572,0.000015,SAT,1
c1355.aag,m22,573,0.000014,SAT,1
c1355.aag,m22,574,0.000012,SAT,1
c1355.aag,m22,575,0.000012,SAT,1
c1355.aag,m22,576,0.000018,SAT,1
c1355.aag,m22,577,0.000015,SAT,1
c1355.aag,m22,578,0.000017,SAT,1
c1355.aag,m22,579,0.000014,SAT,1
c1355.aag,m22,580,0.000013,SAT,1
c1355.aag,m22,581,0.000014,SAT,1
c1355.aag,maplechrono,550,0.000049,SAT,1
c1355.aag,maplechrono,551,0.000021,SAT,1
c1355.aag,maplechrono,552,0.000016,SAT,1
c1355.aag,maplechrono,553,0.000015,SAT,1
c1355.aag,maplechrono,554,0.000014,SAT,1
c1355.aag,maplechrono,555,0.000014,SAT,1
c1355.aag,maplechrono,556,0.000014,SAT,1
c1355.aag,maplechrono,557,0.000014,SAT,1
c1355.aag,maplechrono,558,0.000022,SAT,1
c1355.aag,maplechrono,559,0.000017,SAT,1
c1355.aag,maplechrono,560,0.000016,SAT,1
c1355.aag,maplechrono,561,0.000015,SAT,1
c1355.aag,maplechrono,562,0.000015,SAT,1
c1355.aag,maplechrono,563,0.000015,SAT,1
c1355.aag,maplechrono,564,0.000014,SAT,1
c1355.aag,maplechrono,565,0.000020,SAT,1
c1355.aag,maplechrono,566,0.000015,SAT,1
c1355.aag,maplechrono,567,0.000015,SAT,1
c1355.aag,maplechrono,568,0.000014,SAT,1
c1355.aag,maplechrono,569,0.000014,SAT,1
c1355.aag,maplechrono,570,0.000014,SAT,1
c1355.aag,maplechrono,571,0.000015,SAT,1
c1355.aag,maplechrono,572,0.000022,SAT,1
c1355.aag,maplechrono,573,0.000020,SAT,1
c1355.aag,maplechrono,574,0.000018,SAT,1
c1355.aag,maplechrono,575,0.000018,SAT,1
c1355.aag,maplechrono,576,0.000015,SAT,1
c1355.aag,maplechrono,577,0.000014,SAT,1
c1355.aag,maplechrono,578,0.000015,SAT,1
c1355.aag,maplechrono,579,0.000014,SAT,1
c1355.aag,maplechrono,580,0.000014,SAT,1
c1355.aag,maplechrono,581,0.000014,SAT,1
c880.aag,g3,126,0.000007,UNSAT,0
c880.aag,g3,386,0.000002,UNSAT,0
c880.aag,g3,387,0.000001,UNSAT,0
c880.aag,g3,388,0.000001,UNSAT,0
c880.aag,g3,389,0.000001,UNSAT,0
c880.aag,g3,390,0.000001,UNSAT,0
c880.aag,g3,74,0.000001,UNSAT,0
c880.aag,g3,391,0.000001,UNSAT,0
c880.aag,g3,323,0.000001,UNSAT,0
c880.aag,g3,392,0.000001,UNSAT,0
c880.aag,g3,136,0.000001,UNSAT,0
c880.aag,g3,129,0.000002,UNSAT,0
c880.aag,g3,142,0.000001,UNSAT,0
c880.aag,g3,393,0.000001,UNSAT,0
c880.aag,g3,394,0.000001,UNSAT,0
c880.aag,g3,321,0.000001,UNSAT,0
c880.aag,g3,395,0.000001,UNSAT,0
c880.aag,g3,396,0.000001,UNSAT,0
c880.aag,g3,397,0.000001,UNSAT,0
c880.aag,g3,398,0.000001,UNSAT,0
c880.aag,g3,246,0.000002,UNSAT,0
c880.aag,g3,399,0.000001,UNSAT,0
c880.aag,g3,400,0.000001,UNSAT,0
c880.aag,g3,69,0.000002,UNSAT,0
c880.aag,g3,57,0.000001,UNSAT,0
c880.aag,g3,401,0.000001,UNSAT,0
c880.aag,g4,126,0.000004,UNSAT,0
c880.aag,g4,386,0.000002,UNSAT,0
c880.aag,g4,387,0.000002,UNSAT,0
c880.aag,g4,388,0.000001,UNSAT,0
c880.aag,g4,389,0.000001,UNSAT,0
c880.aag,g4,390,0.000001,UNSAT,0
c880.aag,g4,74,0.000002,UNSAT,0
c880.aag,g4,391,0.000001,UNSAT,0
c880.aag,g4,323,0.000001,UNSAT,0
c880.aag,g4,392,0.000001,UNSAT,0
c880.aag,g4,136,0.000001,UNSAT,0
c880.aag,g4,129,0.000001,UNSAT,0
c880.aag,g4,142,0.000001,UNSAT,0
c880.aag,g4,393,0.000001,UNSAT,0
c880.aag,g4,394,0.000001,UNSAT,0
c880.aag,g4,321,0.000001,UNSAT,0
c880.aag,g4,395,0.000001,UNSAT,0
c880.aag,g4,396,0.000002,UNSAT,0
c880.aag,g4,397,0.000001,UNSAT,0
c880.aag,g4,398,0.000001,UNSAT,0
c880.aag,g4,246,0.000002,UNSAT,0
c880.aag,g4,399,0.000001,UNSAT,0
c880.aag,g4,400,0.000001,UNSAT,0
c880.aag,g4,69,0.000001,UNSAT,0
c880.aag,g4,57,0.000001,UNSAT,0
c880.aag,g4,401,0.000001,UNSAT,0
c880.aag,m22,126,0.000004,UNSAT,0
c880.aag,m22,386,0.000002,UNSAT,0
c880.aag,m22,387,0.000002,UNSAT,0
c880.aag,m22,388,0.000001,UNSAT,0
c880.aag,m22,389,0.000001,UNSAT,0
c880.aag,m22,390,0.000002,UNSAT,0
c880.aag,m22,74,0.000001,UNSAT,0
c880.aag,m22,391,0.000001,UNSAT,0
c880.aag,m22,323,0.000001,UNSAT,0
c880.aag,m22,392,0.000001,UNSAT,0
c880.aag,m22,136,0.000001,UNSAT,0
c880.aag,m22,129,0.000001,UNSAT,0
c880.aag,m22,142,0.000001,UNSAT,0
c880.aag,m22,393,0.000002,UNSAT,0
c880.aag,m22,394,0.000002,UNSAT,0
c880.aag,m22,321,0.000001,UNSAT,0
c880.aag,m22,395,0.000001,UNSAT,0
c880.aag,m22,396,0.000001,UNSAT,0
c880.aag,m22,397,0.000001,UNSAT,0
c880.aag,m22,398,0.000002,UNSAT,0
c880.aag,m22,246,0.000001,UNSAT,0
c880.aag,m22,399,0.000001,UNSAT,0
c880.aag,m22,400,0.000001,UNSAT,0
c880.aag,m22,69,0.000001,UNSAT,0
c880.aag,m22,57,0.000001,UNSAT,0
c880.aag,m22,401,0.000001,UNSAT,0
c880.aag,maplechrono,126,0.000006,UNSAT,0
c880.aag,maplechrono,386,0.000003,UNSAT,0
c880.aag,maplechrono,387,0.000003,UNSAT,0
c880.aag,maplechrono,388,0.000003,UNSAT,0
c880.aag,maplechrono,389,0.000003,UNSAT,0
c880.aag,maplechrono,390,0.000002,UNSAT,0
c880.aag,maplechrono,74,0.000003,UNSAT,0
c880.aag,maplechrono,391,0.000003,UNSAT,0
c880.aag,maplechrono,323,0.000002,UNSAT,0
c880.aag,maplechrono,392,0.000002,UNSAT,0
c880.aag,maplechrono,136,0.000002,UNSAT,0
c880.aag,maplechrono,129,0.000002,UNSAT,0
c880.aag,maplechrono,142,0.000002,UNSAT,0
c880.aag,maplechrono,393,0.000002,UNSAT,0
c880.aag,maplechrono,394,0.000002,UNSAT,0
c880.aag,maplechrono,321,0.000002,UNSAT,0
c880.aag,maplechrono,395,0.000002,UNSAT,0
c880.aag,maplechrono,396,0.000002,UNSAT,0
c880.aag,maplechrono,397,0.000002,UNSAT,0
c880.aag,maplechrono,398,0.000002,UNSAT,0
c880.aag,maplechrono,246,0.000002,UNSAT,0
c880.aag,maplechrono,399,0.000002,UNSAT,0
c880.aag,maplechrono,400,0.000002,UNSAT,0
c880.aag,maplechrono,69,0.000002,UNSAT,0
c880.aag,maplechrono,57,0.000002,UNSAT,0
c880.aag,maplechrono,401,0.000002,UNSAT,0
c2670.aag,g3,183,0.000010,UNSAT,0
c2670.aag,g3,-884,0.000002,UNSAT,0
c2670.aag,g3,2,0.000001,UNSAT,0
c2670.aag,g3,752,0.000001,UNSAT,0
c2670.aag,g3,878,0.000001,UNSAT,0
c2670.aag,g3,712,0.000001,UNSAT,0
c2670.aag,g3,885,0.000001,UNSAT,0
c2670.aag,g3,262,0.000002,UNSAT,0
c2670.aag,g3,886,0.000002,UNSAT,0
c2670.aag,g3,887,0.000003,UNSAT,0
c2670.aag,g3,879,0.000002,UNSAT,0
c2670.aag,g3,883,0.000003,UNSAT,0
c2670.aag,g3,888,0.000002,UNSAT,0
c2670.aag,g3,889,0.000002,UNSAT,0
c2670.aag,g3,890,0.000002,UNSAT,0
c2670.aag,g3,891,0.000003,UNSAT,0
c2670.aag,g3,303,0.000003,UNSAT,0
c2670.aag,g3,559,0.000002,UNSAT,0
c2670.aag,g3,3,0.000002,UNSAT,0
c2670.aag,g3,892,0.000003,UNSAT,0
c2670.aag,g3,755,0.000003,UNSAT,0
c2670.aag,g3,746,0.000002,UNSAT,0
c2670.aag,g3,207,0.000002,UNSAT,0
c2670.aag,g3,305,0.000003,UNSAT,0
c2670.aag,g3,1,0.000002,UNSAT,0
c2670.aag,g3,854,0.000002,UNSAT,0
c2670.aag,g3,561,0.000002,UNSAT,0
c2670.aag,g3,866,0.000003,UNSAT,0
c2670.aag,g3,21,0.000002,UNSAT,0
c2670.aag,g3,893,0.000002,UNSAT,0
c2670.aag,g3,894,0.000002,UNSAT,0
c2670.aag,g3,612,0.000002,UNSAT,0
c2670.aag,g3,855,0.000002,UNSAT,0
c2670.aag,g3,115,0.000003,UNSAT,0
c2670.aag,g3,865,0.000002,UNSAT,0
c2670.aag,g3,865,0.000002,UNSAT,0
c2670.aag,g3,895,0.000001,UNSAT,0
c2670.aag,g3,896,0.000001,UNSAT,0
c2670.aag,g3,897,0.000001,UNSAT,0
c2670.aag,g3,883,0.000001,UNSAT,0
c2670.aag,g3,152,0.000001,UNSAT,0
c2670.aag,g3,302,0.000001,UNSAT,0
c2670.aag,g3,898,0.000001,UNSAT,0
c2670.aag,g3,191,0.000001,UNSAT,0
c2670.aag,g3,899,0.000002,UNSAT,0
c2670.aag,g3,860,0.000001,UNSAT,0
c2670.aag,g3,858,0.000001,UNSAT,0
c2670.aag,g3,153,0.000001,UNSAT,0
c2670.aag,g3,205,0.000001,UNSAT,0
c2670.aag,g3,854,0.000001,UNSAT,0
c2670.aag,g3,900,0.000002,UNSAT,0
c2670.aag,g3,184,0.000001,UNSAT,0
c2670.aag,g3,749,0.000001,UNSAT,0
c2670.aag,g3,189,0.000001,UNSAT,0
c2670.aag,g3,873,0.000001,UNSAT,0
c2670.aag,g3,901,0.000001,UNSAT,0
c2670.aag,g3,660,0.000001,UNSAT,0
c2670.aag,g3,207,0.000001,UNSAT,0
c2670.aag,g3,304,0.000001,UNSAT,0
c2670.aag,g3,613,0.000001,UNSAT,0
c2670.aag,g3,265,0.000001,UNSAT,0
c2670.aag,g3,38,0.000001,UNSAT,0
c2670.aag,g3,311,0.000001,UNSAT,0
c2670.aag,g3,185,0.000001,UNSAT,0
c2670.aag,g3,154,0.000002,UNSAT,0
c2670.aag,g3,902,0.000001,UNSAT,0
c2670.aag,g3,859,0.000001,UNSAT,0
c2670.aag,g3,751,0.000001,UNSAT,0
c2670.aag,g3,871,0.000001,UNSAT,0
c2670.aag,g3,852,0.000001,UNSAT,0
c2670.aag,g3,754,0.000001,UNSAT,0
c2670.aag,g3,903,0.000001,UNSAT,0
c2670.aag,g3,904,0.000001,UNSAT,0
c2670.aag,g3,905,0.000001,UNSAT,0
c2670.aag,g3,208,0.000001,UNSAT,0
c2670.aag,g3,877,0.000001,UNSAT,0
c2670.aag,g3,206,0.000002,UNSAT,0
c2670.aag,g3,854,0.000002,UNSAT,0
c2670.aag,g3,862,0.000002,UNSAT,0
c2670.aag,g3,209,0.000002,UNSAT,0
c2670.aag,g3,262,0.000002,UNSAT,0
c2670.aag,g3,906,0.000002,UNSAT,0
c2670.aag,g3,907,0.000002,UNSAT,0
c2670.aag,g3,177,0.000002,UNSAT,0
c2670.aag,g3,857,0.000002,UNSAT,0
c2670.aag,g3,23,0.000002,UNSAT,0
c2670.aag,g3,851,0.000002,UNSAT,0
c2670.aag,g3,190,0.000002,UNSAT,0
c2670.aag,g3,117,0.000002,UNSAT,0
c2670.aag,g3,188,0.000002,UNSAT,0
c2670.aag,g3,207,0.000002,UNSAT,0
c2670.aag,g3,872,0.000002,UNSAT,0
c2670.aag,g3,204,0.000002,UNSAT,0
c2670.aag,g3,151,0.000002,UNSAT,0
c2670.aag,g3,20,0.000002,UNSAT,0
c2670.aag,g3,908,0.000002,UNSAT,0
c2670.aag,g3,312,0.000002,UNSAT,0
c2670.aag,g3,868,0.000005,UNSAT,0
c2670.aag,g3,909,0.000002,UNSAT,0
c2670.aag,g3,159,0.000002,UNSAT,0
c2670.aag,g3,310,0.000001,UNSAT,0
c2670.aag,g3,64,0.000002,UNSAT,0
c2670.aag,g3,910,0.000002,UNSAT,0
c2670.aag,g3,756,0.000001,UNSAT,0
c2670.aag,g3,911,0.000001,UNSAT,0
c2670.aag,g3,861,0.000002,UNSAT,0
c2670.aag,g3,912,0.000001,UNSAT,0
c2670.aag,g3,116,0.000001,UNSAT,0
c2670.aag,g3,264,0.000001,UNSAT,0
c2670.aag,g3,750,0.000001,UNSAT,0
c2670.aag,g3,39,0.000001,UNSAT,0
c2670.aag,g3,118,0.000001,UNSAT,0
c2670.aag,g3,51,0.000001,UNSAT,0
c2670.aag,g3,176,0.000001,UNSAT,0
c2670.aag,g3,160,0.000002,UNSAT,0
c2670.aag,g3,913,0.000001,UNSAT,0
c2670.aag,g3,288,0.000001,UNSAT,0
c2670.aag,g3,301,0.000001,UNSAT,0
c2670.aag,g3,914,0.000001,UNSAT,0
c2670.aag,g3,915,0.000001,UNSAT,0
c2670.aag,g3,916,0.000001,UNSAT,0
c2670.aag,g3,917,0.000001,UNSAT,0
c2670.aag,g3,869,0.000001,UNSAT,0
c2670.aag,g3,309,0.000001,UNSAT,0
c2670.aag,g3,753,0.000001,UNSAT,0
c2670.aag,g3,192,0.000001,UNSAT,0
c2670.aag,g3,918,0.000001,UNSAT,0
c2670.aag,g3,22,0.000001,UNSAT,0
c2670.aag,g3,308,0.000001,UNSAT,0
c2670.aag,g3,854,0.000001,UNSAT,0
c2670.aag,g3,161,0.000001,UNSAT,0
c2670.aag,g3,52,0.000002,UNSAT,0
c2670.aag,g3,867,0.000002,UNSAT,0
c2670.aag,g3,560,0.000002,UNSAT,0
c2670.aag,g3,745,0.000002,UNSAT,0
c2670.aag,g3,178,0.000002,UNSAT,0
c2670.aag,g3,263,0.000002,UNSAT,0
c2670.aag,g3,307,0.000002,UNSAT,0
c2670.aag,g3,175,0.000002,UNSAT,0
c2670.aag,g3,749,0.000002,UNSAT,0
c2670.aag,g4,183,0.000005,UNSAT,0
c2670.aag,g4,-884,0.000002,UNSAT,0
c2670.aag,g4,2,0.000001,UNSAT,0
c2670.aag,g4,752,0.000001,UNSAT,0
c2670.aag,g4,878,0.000001,UNSAT,0
c2670.aag,g4,712,0.000001,UNSAT,0
c2670.aag,g4,885,0.000001,UNSAT,0
c2670.aag,g4,262,0.000001,UNSAT,0
c2670.aag,g4,886,0.000001,UNSAT,0
c2670.aag,g4,887,0.000001,UNSAT,0
c2670.aag,g4,879,0.000002,UNSAT,0
c2670.aag,g4,883,0.000001,UNSAT,0
c2670.aag,g4,888,0.000001,UNSAT,0
c2670.aag,g4,889,0.000001,UNSAT,0
c2670.aag,g4,890,0.000001,UNSAT,0
c2670.aag,g4,891,0.000001,UNSAT,0
c2670.aag,g4,303,0.000001,UNSAT,0
c2670.aag,g4,559,0.000001,UNSAT,0
c2670.aag,g4,3,0.000001,UNSAT,0
c2670.aag,g4,892,0.000001,UNSAT,0
c2670.aag,g4,755,0.000001,UNSAT,0
c2670.aag,g4,746,0.000001,UNSAT,0
c2670.aag,g4,207,0.000001,UNSAT,0
c2670.aag,g4,305,0.000001,UNSAT,0
c2670.aag,g4,1,0.000001,UNSAT,0
c2670.aag,g4,854,0.000001,UNSAT,0
c2670.aag,g4,561,0.000001,UNSAT,0
c2670.aag,g4,866,0.000001,UNSAT,0
c2670.aag,g4,21,0.000001,UNSAT,0
c2670.aag,g4,893,0.000001,UNSAT,0
c2670.aag,g4,894,0.000001,UNSAT,0
c2670.aag,g4,612,0.000001,UNSAT,0
c2670.aag,g4,855,0.000001,UNSAT,0
c2670.aag,g4,115,0.000001,UNSAT,0
c2670.aag,g4,865,0.000001,UNSAT,0
c2670.aag,g4,865,0.000001,UNSAT,0
c2670.aag,g4,895,0.000001,UNSAT,0
c2670.aag,g4,896,0.000001,UNSAT,0
c2670.aag,g4,897,0.000002,UNSAT,0
c2670.aag,g4,883,0.000001,UNSAT,0
c2670.aag,g4,152,0.000001,UNSAT,0
c2670.aag,g4,302,0.000001,UNSAT,0
c2670.aag,g4,898,0.000001,UNSAT,0
c2670.aag,g4,191,0.000001,UNSAT,0
c2670.aag,g4,899,0.000001,UNSAT,0
c2670.aag,g4,860,0.000001,UNSAT,0
c2670.aag,g4,858,0.000002,UNSAT,0
c2670.aag,g4,153,0.000002,UNSAT,0
c2670.aag,g4,205,0.000001,UNSAT,0
c2670.aag,g4,854,0.000002,UNSAT,0
c2670.aag,g4,900,0.000001,UNSAT,0
c2670.aag,g4,184,0.000001,UNSAT,0
c2670.aag,g4,749,0.000002,UNSAT,0
c2670.aag,g4,189,0.000002,UNSAT,0
c2670.aag,g4,873,0.000001,UNSAT,0
c2670.aag,g4,901,0.000001,UNSAT,0
c2670.aag,g4,660,0.000001,UNSAT,0
c2670.aag,g4,207,0.000001,UNSAT,0
c2670.aag,g4,304,0.000002,UNSAT,0
c2670.aag,g4,613,0.000001,UNSAT,0
c2670.aag,g4,265,0.000001,UNSAT,0
c2670.aag,g4,38,0.000001,UNSAT,0
c2670.aag,g4,311,0.000001,UNSAT,0
c2670.aag,g4,185,0.000001,UNSAT,0
c2670.aag,g4,154,0.000001,UNSAT,0
c2670.aag,g4,902,0.000001,UNSAT,0
c2670.aag,g4,859,0.000002,UNSAT,0
c2670.aag,g4,751,0.000001,UNSAT,0
c2670.aag,g4,871,0.000001,UNSAT,0
c2670.aag,g4,852,0.000001,UNSAT,0
c2670.aag,g4,754,0.000001,UNSAT,0
c2670.aag,g4,903,0.000001,UNSAT,0
c2670.aag,g4,904,0.000001,UNSAT,0
c2670.aag,g4,905,0.000001,UNSAT,0
c2670.aag,g4,208,0.000001,UNSAT,0
c2670.aag,g4,877,0.000001,UNSAT,0
c2670.aag,g4,206,0.000001,UNSAT,0
c2670.aag,g4,854,0.000001,UNSAT,0
c2670.aag,g4,862,0.000001,UNSAT,0
c2670.aag,g4,209,0.000001,UNSAT,0
c2670.aag,g4,262,0.000001,UNSAT,0
c2670.aag,g4,906,0.000001,UNSAT,0
c2670.aag,g4,907,0.000001,UNSAT,0
c2670.aag,g4,177,0.000001,UNSAT,0
c2670.aag,g4,857,0.000001,UNSAT,0
c2670.aag,g4,23,0.000001,UNSAT,0
c2670.aag,g4,851,0.000001,UNSAT,0
c2670.aag,g4,190,0.000001,UNSAT,0
c2670.aag,g4,117,0.000001,UNSAT,0
c2670.aag,g4,188,0.000001,UNSAT,0
c2670.aag,g4,207,0.000001,UNSAT,0
c2670.aag,g4,872,0.000002,UNSAT,0
c2670.aag,g4,204,0.000001,UNSAT,0
c2670.aag,g4,151,0.000001,UNSAT,0
c2670.aag,g4,20,0.000002,UNSAT,0
c2670.aag,g4,908,0.000001,UNSAT,0
c2670.aag,g4,312,0.000001,UNSAT,0
c2670.aag,g4,868,0.000001,UNSAT,0
c2670.aag,g4,909,0.000001,UNSAT,0
c2670.aag,g4,159,0.000001,UNSAT,0
c2670.aag,g4,310,0.000001,UNSAT,0
c2670.aag,g4,64,0.000002,UNSAT,0
c2670.aag,g4,910,0.000001,UNSAT,0
c2670.aag,g4,756,0.000001,UNSAT,0
c2670.aag,g4,911,0.000001,UNSAT,0
c2670.aag,g4,861,0.000001,UNSAT,0
c2670.aag,g4,912,0.000001,UNSAT,0
c2670.aag,g4,116,0.000001,UNSAT,0
c2670.aag,g4,264,0.000001,UNSAT,0
c2670.aag,g4,750,0.000001,UNSAT,0
c2670.aag,g4,39,0.000001,UNSAT,0
c2670.aag,g4,118,0.000001,UNSAT,0
c2670.aag,g4,51,0.000001,UNSAT,0
c2670.aag,g4,176,0.000001,UNSAT,0
c2670.aag,g4,160,0.000001,UNSAT,0
c2670.aag,g4,913,0.000002,UNSAT,0
c2670.aag,g4,288,0.000001,UNSAT,0
c2670.aag,g4,301,0.000001,UNSAT,0
c2670.aag,g4,914,0.000001,UNSAT,0
c2670.aag,g4,915,0.000001,UNSAT,0
c2670.aag,g4,916,0.000001,UNSAT,0
c2670.aag,g4,917,0.000002,UNSAT,0
c2670.aag,g4,869,0.000001,UNSAT,0
c2670.aag,g4,309,0.000001,UNSAT,0
c2670.aag,g4,753,0.000001,UNSAT,0
c2670.aag,g4,192,0.000001,UNSAT,0
c2670.aag,g4,918,0.000001,UNSAT,0
c2670.aag,g4,22,0.000001,UNSAT,0
c2670.aag,g4,308,0.000001,UNSAT,0
c2670.aag,g4,854,0.000001,UNSAT,0
c2670.aag,g4,161,0.000001,UNSAT,0
c2670.aag,g4,52,0.000001,UNSAT,0
c2670.aag,g4,867,0.000001,UNSAT,0
c2670.aag,g4,560,0.000001,UNSAT,0
c2670.aag,g4,745,0.000001,UNSAT,0
c2670.aag,g4,178,0.000001,UNSAT,0
c2670.aag,g4,263,0.000001,UNSAT,0
c2670.aag,g4,307,0.000001,UNSAT,0
c2670.aag,g4,175,0.000001,UNSAT,0
c2670.aag,g4,749,0.000001,UNSAT,0
c2670.aag,m22,183,0.000004,UNSAT,0
c2670.aag,m22,-884,0.000002,UNSAT,0
c2670.aag,m22,2,0.000001,UNSAT,0
c2670.aag,m22,752,0.000001,UNSAT,0
c2670.aag,m22,878,0.000001,UNSAT,0
c2670.aag,m22,712,0.000001,UNSAT,0
c2670.aag,m22,885,0.000001,UNSAT,0
c2670.aag,m22,262,0.000002,UNSAT,0
c2670.aag,m22,886,0.000001,UNSAT,0
c2670.aag,m22,887,0.000001,UNSAT,0
c2670.aag,m22,879,0.000001,UNSAT,0
c2670.aag,m22,883,0.000001,UNSAT,0
c2670.aag,m22,888,0.000001,UNSAT,0
c2670.aag,m22,889,0.000002,UNSAT,0
c2670.aag,m22,890,0.000001,UNSAT,0
c2670.aag,m22,891,0.000001,UNSAT,0
c2670.aag,m22,303,0.000001,UNSAT,0
c2670.aag,m22,559,0.000001,UNSAT,0
c2670.aag,m22,3,0.000001,UNSAT,0
c2670.aag,m22,892,0.000001,UNSAT,0
c2670.aag,m22,755,0.000001,UNSAT,0
c2670.aag,m22,746,0.000001,UNSAT,0
c2670.aag,m22,207,0.000001,UNSAT,0
c2670.aag,m22,305,0.000001,UNSAT,0
c2670.aag,m22,1,0.000001,UNSAT,0
c2670.aag,m22,854,0.000001,UNSAT,0
c2670.aag,m22,561,0.000001,UNSAT,0
c2670.aag,m22,866,0.000001,UNSAT,0
c2670.aag,m22,21,0.000001,UNSAT,0
c2670.aag,m22,893,0.000001,UNSAT,0
c2670.aag,m22,894,0.000001,UNSAT,0
c2670.aag,m22,612,0.000001,UNSAT,0
c2670.aag,m22,855,0.000001,UNSAT,0
c2670.aag,m22,115,0.000002,UNSAT,0
c2670.aag,m22,865,0.000001,UNSAT,0
c2670.aag,m22,865,0.000001,UNSAT,0
c2670.aag,m22,895,0.000001,UNSAT,0
c2670.aag,m22,896,0.000001,UNSAT,0
c2670.aag,m22,897,0.000001,UNSAT,0
c2670.aag,m22,883,0.000001,UNSAT,0
c2670.aag,m22,152,0.000001,UNSAT,0
c2670.aag,m22,302,0.000001,UNSAT,0
c2670.aag,m22,898,0.000001,UNSAT,0
c2670.aag,m22,191,0.000001,UNSAT,0
c2670.aag,m22,899,0.000001,UNSAT,0
c2670.aag,m22,860,0.000001,UNSAT,0
c2670.aag,m22,858,0.000001,UNSAT,0
c2670.aag,m22,153,0.000001,UNSAT,0
c2670.aag,m22,205,0.000001,UNSAT,0
c2670.aag,m22,854,0.000002,UNSAT,0
c2670.aag,m22,900,0.000004,UNSAT,0
c2670.aag,m22,184,0.000002,UNSAT,0
c2670.aag,m22,749,0.000001,UNSAT,0
c2670.aag,m22,189,0.000002,UNSAT,0
c2670.aag,m22,873,0.000001,UNSAT,0
c2670.aag,m22,901,0.000001,UNSAT,0
c2670.aag,m22,660,0.000001,UNSAT,0
c2670.aag,m22,207,0.000001,UNSAT,0
c2670.aag,m22,304,0.000001,UNSAT,0
c2670.aag,m22,613,0.000001,UNSAT,0
c2670.aag,m22,265,0.000001,UNSAT,0
c2670.aag,m22,38,0.000001,UNSAT,0
c2670.aag,m22,311,0.000001,UNSAT,0
c2670.aag,m22,185,0.000001,UNSAT,0
c2670.aag,m22,154,0.000001,UNSAT,0
c2670.aag,m22,902,0.000001,UNSAT,0
c2670.aag,m22,859,0.000001,UNSAT,0
c2670.aag,m22,751,0.000001,UNSAT,0
c2670.aag,m22,871,0.000001,UNSAT,0
c2670.aag,m22,852,0.000001,UNSAT,0
c2670.aag,m22,754,0.000001,UNSAT,0
c2670.aag,m22,903,0.000001,UNSAT,0
c2670.aag,m22,904,0.000001,UNSAT,0
c2670.aag,m22,905,0.000001,UNSAT,0
c2670.aag,m22,208,0.000001,UNSAT,0
c2670.aag,m22,877,0.000001,UNSAT,0
c2670.aag,m22,206,0.000002,UNSAT,0
c2670.aag,m22,854,0.000001,UNSAT,0
c2670.aag,m22,862,0.000001,UNSAT,0
c2670.aag,m22,209,0.000002,UNSAT,0
c2670.aag,m22,262,0.000001,UNSAT,0
c2670.aag,m22,906,0.000001,UNSAT,0
c2670.aag,m22,907,0.000001,UNSAT,0
c2670.aag,m22,177,0.000001,UNSAT,0
c2670.aag,m22,857,0.000002,UNSAT,0
c2670.aag,m22,23,0.000001,UNSAT,0
c2670.aag,m22,851,0.000001,UNSAT,0
c2670.aag,m22,190,0.000002,UNSAT,0
c2670.aag,m22,117,0.000001,UNSAT,0
c2670.aag,m22,188,0.000001,UNSAT,0
c2670.aag,m22,207,0.000001,UNSAT,0
c2670.aag,m22,872,0.000001,UNSAT,0
c2670.aag,m22,204,0.000001,UNSAT,0
c2670.aag,m22,151,0.000001,UNSAT,0
c2670.aag,m22,20,0.000001,UNSAT,0
c2670.aag,m22,908,0.000001,UNSAT,0
c2670.aag,m22,312,0.000001,UNSAT,0
c2670.aag,m22,868,0.000001,UNSAT,0
c2670.aag,m22,909,0.000001,UNSAT,0
c2670.aag,m22,159,0.000001,UNSAT,0
c2670.aag,m22,310,0.000001,UNSAT,0
c2670.aag,m22,64,0.000002,UNSAT,0
c2670.aag,m22,910,0.000001,UNSAT,0
c2670.aag,m22,756,0.000001,UNSAT,0
c2670.aag,m22,911,0.000001,UNSAT,0
c2670.aag,m22,861,0.000001,UNSAT,0
c2670.aag,m22,912,0.000001,UNSAT,0
c2670.aag,m22,116,0.000001,UNSAT,0
c2670.aag,m22,264,0.000001,UNSAT,0
c2670.aag,m22,750,0.000002,UNSAT,0
c2670.aag,m22,39,0.000001,UNSAT,0
c2670.aag,m22,118,0.000001,UNSAT,0
c2670.aag,m22,51,0.000001,UNSAT,0
c2670.aag,m22,176,0.000001,UNSAT,0
c2670.aag,m22,160,0.000001,UNSAT,0
c2670.aag,m22,913,0.000002,UNSAT,0
c2670.aag,m22,288,0.000001,UNSAT,0
c2670.aag,m22,301,0.000001,UNSAT,0
c2670.aag,m22,914,0.000001,UNSAT,0
c2670.aag,m22,915,0.000001,UNSAT,0
c2670.aag,m22,916,0.000001,UNSAT,0
c2670.aag,m22,917,0.000001,UNSAT,0
c2670.aag,m22,869,0.000001,UNSAT,0
c2670.aag,m22,309,0.000001,UNSAT,0
c2670.aag,m22,753,0.000001,UNSAT,0
c2670.aag,m22,192,0.000001,UNSAT,0
c2670.aag,m22,918,0.000002,UNSAT,0
c2670.aag,m22,22,0.000001,UNSAT,0
c2670.aag,m22,308,0.000001,UNSAT,0
c2670.aag,m22,854,0.000002,UNSAT,0
c2670.aag,m22,161,0.000001,UNSAT,0
c2670.aag,m22,52,0.000001,UNSAT,0
c2670.aag,m22,867,0.000001,UNSAT,0
c2670.aag,m22,560,0.000001,UNSAT,0
c2670.aag,m22,745,0.000001,UNSAT,0
c2670.aag,m22,178,0.000001,UNSAT,0
c2670.aag,m22,263,0.000001,UNSAT,0
c2670.aag,m22,307,0.000001,UNSAT,0
c2670.aag,m22,175,0.000002,UNSAT,0
c2670.aag,m22,749,0.000001,UNSAT,0
c2670.aag,maplechrono,183,0.000006,UNSAT,0
c2670.aag,maplechrono,-884,0.000003,UNSAT,0
c2670.aag,maplechrono,2,0.000002,UNSAT,0
c2670.aag,maplechrono,752,0.000002,UNSAT,0
c2670.aag,maplechrono,878,0.000002,UNSAT,0
c2670.aag,maplechrono,712,0.000002,UNSAT,0
c2670.aag,maplechrono,885,0.000002,UNSAT,0
c2670.aag,maplechrono,262,0.000002,UNSAT,0
c2670.aag,maplechrono,886,0.000002,UNSAT,0
c2670.aag,maplechrono,887,0.000002,UNSAT,0
c2670.aag,maplechrono,879,0.000002,UNSAT,0
c2670.aag,maplechrono,883,0.000002,UNSAT,0
c2670.aag,maplechrono,888,0.000002,UNSAT,0
c2670.aag,maplechrono,889,0.000002,UNSAT,0
c2670.aag,maplechrono,890,0.000002,UNSAT,0
c2670.aag,maplechrono,891,0.000002,UNSAT,0
c2670.aag,maplechrono,303,0.000002,UNSAT,0
c2670.aag,maplechrono,559,0.000002,UNSAT,0
c2670.aag,maplechrono,3,0.000003,UNSAT,0
c2670.aag,maplechrono,892,0.000002,UNSAT,0
c2670.aag,maplechrono,755,0.000003,UNSAT,0
c2670.aag,maplechrono,746,0.000003,UNSAT,0
c2670.aag,maplechrono,207,0.000002,UNSAT,0
c2670.aag,maplechrono,305,0.000002,UNSAT,0
c2670.aag,maplechrono,1,0.000002,UNSAT,0
c2670.aag,maplechrono,854,0.000002,UNSAT,0
c2670.aag,maplechrono,561,0.000002,UNSAT,0
c2670.aag,maplechrono,866,0.000002,UNSAT,0
c2670.aag,maplechrono,21,0.000003,UNSAT,0
c2670.aag,maplechrono,893,0.000002,UNSAT,0
c2670.aag,maplechrono,894,0.000002,UNSAT,0
c2670.aag,maplechrono,612,0.000002,UNSAT,0
c2670.aag,maplechrono,855,0.000003,UNSAT,0
c2670.aag,maplechrono,115,0.000003,UNSAT,0
c2670.aag,maplechrono,865,0.000003,UNSAT,0
c2670.aag,maplechrono,865,0.000003,UNSAT,0
c2670.aag,maplechrono,895,0.000002,UNSAT,0
c2670.aag,maplechrono,896,0.000002,UNSAT,0
c2670.aag,maplechrono,897,0.000003,UNSAT,0
c2670.aag,maplechrono,883,0.000003,UNSAT,0
c2670.aag,maplechrono,152,0.000002,UNSAT,0
c2670.aag,maplechrono,302,0.000002,UNSAT,0
c2670.aag,maplechrono,898,0.000002,UNSAT,0
c2670.aag,maplechrono,191,0.000002,UNSAT,0
c2670.aag,maplechrono,899,0.000002,UNSAT,0
c2670.aag,maplechrono,860,0.000002,UNSAT,0
c2670.aag,maplechrono,858,0.000002,UNSAT,0
c2670.aag,maplechrono,153,0.000002,UNSAT,0
c2670.aag,maplechrono,205,0.000002,UNSAT,0
c2670.aag,maplechrono,854,0.000002,UNSAT,0
c2670.aag,maplechrono,900,0.000002,UNSAT,0
c2670.aag,maplechrono,184,0.000002,UNSAT,0
c2670.aag,maplechrono,749,0.000003,UNSAT,0
c2670.aag,maplechrono,189,0.000002,UNSAT,0
c2670.aag,maplechrono,873,0.000002,UNSAT,0
c2670.aag,maplechrono,901,0.000002,UNSAT,0
c2670.aag,maplechrono,660,0.000002,UNSAT,0
c2670.aag,maplechrono,207,0.000002,UNSAT,0
c2670.aag,maplechrono,304,0.000002,UNSAT,0
c2670.aag,maplechrono,613,0.000002,UNSAT,0
c2670.aag,maplechrono,265,0.000002,UNSAT,0
c2670.aag,maplechrono,38,0.000002,UNSAT,0
c2670.aag,maplechrono,311,0.000002,UNSAT,0
c2670.aag,maplechrono,185,0.000002,UNSAT,0
c2670.aag,maplechrono,154,0.000002,UNSAT,0
c2670.aag,maplechrono,902,0.000002,UNSAT,0
c2670.aag,maplechrono,859,0.000002,UNSAT,0
c2670.aag,maplechrono,751,0.000003,UNSAT,0
c2670.aag,maplechrono,871,0.000002,UNSAT,0
c2670.aag,maplechrono,852,0.000002,UNSAT,0
c2670.aag,maplechrono,754,0.000002,UNSAT,0
c2670.aag,maplechrono,903,0.000002,UNSAT,0
c2670.aag,maplechrono,904,0.000002,UNSAT,0
c2670.aag,maplechrono,905,0.000002,UNSAT,0
c2670.aag,maplechrono,208,0.000002,UNSAT,0
c2670.aag,maplechrono,877,0.000002,UNSAT,0
c2670.aag,maplechrono,206,0.000002,UNSAT,0
c2670.aag,maplechrono,854,0.000002,UNSAT,0
c2670.aag,maplechrono,862,0.000002,UNSAT,0
c2670.aag,maplechrono,209,0.000002,UNSAT,0
c2670.aag,maplechrono,262,0.000002,UNSAT,0
c2670.aag,maplechrono,906,0.000002,UNSAT,0
c2670.aag,maplechrono,907,0.000002,UNSAT,0
c2670.aag,maplechrono,177,0.000002,UNSAT,0
c2670.aag,maplechrono,857,0.000002,UNSAT,0
c2670.aag,maplechrono,23,0.000002,UNSAT,0
c2670.aag,maplechrono,851,0.000002,UNSAT,0
c2670.aag,maplechrono,190,0.000002,UNSAT,0
c2670.aag,maplechrono,117,0.000002,UNSAT,0
c2670.aag,maplechrono,188,0.000002,UNSAT,0
c2670.aag,maplechrono,207,0.000002,UNSAT,0
c2670.aag,maplechrono,872,0.000003,UNSAT,0
c2670.aag,maplechrono,204,0.000002,UNSAT,0
c2670.aag,maplechrono,151,0.000002,UNSAT,0
c2670.aag,maplechrono,20,0.000002,UNSAT,0
c2670.aag,maplechrono,908,0.000002,UNSAT,0
c2670.aag,maplechrono,312,0.000002,UNSAT,0
c2670.aag,maplechrono,868,0.000002,UNSAT,0
c2670.aag,maplechrono,909,0.000002,UNSAT,0
c2670.aag,maplechrono,159,0.000002,UNSAT,0
c2670.aag,maplechrono,310,0.000002,UNSAT,0
c2670.aag,maplechrono,64,0.000002,UNSAT,0
c2670.aag,maplechrono,910,0.000002,UNSAT,0
c2670.aag,maplechrono,756,0.000002,UNSAT,0
c2670.aag,maplechrono,911,0.000002,UNSAT,0
c2670.aag,maplechrono,861,0.000002,UNSAT,0
c2670.aag,maplechrono,912,0.000002,UNSAT,0
c2670.aag,maplechrono,116,0.000002,UNSAT,0
c2670.aag,maplechrono,264,0.000002,UNSAT,0
c2670.aag,maplechrono,750,0.000002,UNSAT,0
c2670.aag,maplechrono,39,0.000002,UNSAT,0
c2670.aag,maplechrono,118,0.000002,UNSAT,0
c2670.aag,maplechrono,51,0.000002,UNSAT,0
c2670.aag,maplechrono,176,0.000005,UNSAT,0
c2670.aag,maplechrono,160,0.000003,UNSAT,0
c2670.aag,maplechrono,913,0.000002,UNSAT,0
c2670.aag,maplechrono,288,0.000002,UNSAT,0
c2670.aag,maplechrono,301,0.000002,UNSAT,0
c2670.aag,maplechrono,914,0.000002,UNSAT,0
c2670.aag,maplechrono,915,0.000002,UNSAT,0
c2670.aag,maplechrono,916,0.000002,UNSAT,0
c2670.aag,maplechrono,917,0.000002,UNSAT,0
c2670.aag,maplechrono,869,0.000002,UNSAT,0
c2670.aag,maplechrono,309,0.000002,UNSAT,0
c2670.aag,maplechrono,753,0.000002,UNSAT,0
c2670.aag,maplechrono,192,0.000002,UNSAT,0
c2670.aag,maplechrono,918,0.000002,UNSAT,0
c2670.aag,maplechrono,22,0.000003,UNSAT,0
c2670.aag,maplechrono,308,0.000002,UNSAT,0
c2670.aag,maplechrono,854,0.000003,UNSAT,0
c2670.aag,maplechrono,161,0.000003,UNSAT,0
c2670.aag,maplechrono,52,0.000003,UNSAT,0
c2670.aag,maplechrono,867,0.000003,UNSAT,0
c2670.aag,maplechrono,560,0.000003,UNSAT,0
c2670.aag,maplechrono,745,0.000003,UNSAT,0
c2670.aag,maplechrono,178,0.000002,UNSAT,0
c2670.aag,maplechrono,263,0.000002,UNSAT,0
c2670.aag,maplechrono,307,0.000002,UNSAT,0
c2670.aag,maplechrono,175,0.000002,UNSAT,0
c2670.aag,maplechrono,749,0.000002,UNSAT,0
c7552.aag,g3,60,0.000010,UNSAT,0
c7552.aag,g3,1901,0.000002,UNSAT,0
c7552.aag,g3,1719,0.000001,UNSAT,0
c7552.aag,g3,34,0.000001,UNSAT,0
c7552.aag,g3,1526,0.000002,UNSAT,0
c7552.aag,g3,1310,0.000001,UNSAT,0
c7552.aag,g3,647,0.000001,UNSAT,0
c7552.aag,g3,1902,0.000001,UNSAT,0
c7552.aag,g3,1699,0.000001,UNSAT,0
c7552.aag,g3,186,0.000001,UNSAT,0
c7552.aag,g3,564,0.000002,UNSAT,0
c7552.aag,g3,1903,0.000001,UNSAT,0
c7552.aag,g3,1904,0.000001,UNSAT,0
c7552.aag,g3,1905,0.000002,UNSAT,0
c7552.aag,g3,231,0.000002,UNSAT,0
c7552.aag,g3,1906,0.000001,UNSAT,0
c7552.aag,g3,115,0.000001,UNSAT,0
c7552.aag,g3,1907,0.000001,UNSAT,0
c7552.aag,g3,1908,0.000001,UNSAT,0
c7552.aag,g3,1909,0.000002,UNSAT,0
c7552.aag,g3,247,0.000001,UNSAT,0
c7552.aag,g3,1701,0.000001,UNSAT,0
c7552.aag,g3,1241,0.000001,UNSAT,0
c7552.aag,g3,236,0.000001,UNSAT,0
c7552.aag,g3,1910,0.000001,UNSAT,0
c7552.aag,g3,1911,0.000001,UNSAT,0
c7552.aag,g3,1912,0.000001,UNSAT,0
c7552.aag,g3,1913,0.000001,UNSAT,0
c7552.aag,g3,1914,0.000001,UNSAT,0
c7552.aag,g3,1539,0.000001,UNSAT,0
c7552.aag,g3,127,0.000001,UNSAT,0
c7552.aag,g3,563,0.000001,UNSAT,0
c7552.aag,g3,876,0.000001,UNSAT,0
c7552.aag,g3,1915,0.000002,UNSAT,0
c7552.aag,g3,1702,0.000001,UNSAT,0
c7552.aag,g3,94,0.000001,UNSAT,0
c7552.aag,g3,1916,0.000001,UNSAT,0
c7552.aag,g3,1917,0.000001,UNSAT,0
c7552.aag,g3,129,0.000001,UNSAT,0
c7552.aag,g3,1918,0.000001,UNSAT,0
c7552.aag,g3,1358,0.000001,UNSAT,0
c7552.aag,g3,568,0.000001,UNSAT,0
c7552.aag,g3,1919,0.000001,UNSAT,0
c7552.aag,g3,165,0.000001,UNSAT,0
c7552.aag,g3,1920,0.000001,UNSAT,0
c7552.aag,g3,878,0.000001,UNSAT,0
c7552.aag,g3,924,0.000001,UNSAT,0
c7552.aag,g3,161,0.000001,UNSAT,0
c7552.aag,g3,54,0.000001,UNSAT,0
c7552.aag,g3,886,0.000139,UNSAT,0
c7552.aag,g3,1921,0.000004,UNSAT,0
c7552.aag,g3,1282,0.000002,UNSAT,0
c7552.aag,g3,896,0.000002,UNSAT,0
c7552.aag,g3,653,0.000001,UNSAT,0
c7552.aag,g3,1922,0.000001,UNSAT,0
c7552.aag,g3,1923,0.000001,UNSAT,0
c7552.aag,g3,919,0.000001,UNSAT,0
c7552.aag,g3,596,0.000001,UNSAT,0
c7552.aag,g3,919,0.000001,UNSAT,0
c7552.aag,g3,217,0.000001,UNSAT,0
c7552.aag,g3,112,0.000001,UNSAT,0
c7552.aag,g3,1924,0.000001,UNSAT,0
c7552.aag,g3,1925,0.000002,UNSAT,0
c7552.aag,g3,1926,0.000002,UNSAT,0
c7552.aag,g3,177,0.000002,UNSAT,0
c7552.aag,g3,1927,0.000002,UNSAT,0
c7552.aag,g3,1928,0.000002,UNSAT,0
c7552.aag,g3,1929,0.000002,UNSAT,0
c7552.aag,g3,3,0.000002,UNSAT,0
c7552.aag,g3,651,0.000002,UNSAT,0
c7552.aag,g3,1543,0.000002,UNSAT,0
c7552.aag,g3,1701,0.000002,UNSAT,0
c7552.aag,g3,602,0.000002,UNSAT,0
c7552.aag,g3,1930,0.000002,UNSAT,0
c7552.aag,g3,1931,0.000002,UNSAT,0
c7552.aag,g3,1932,0.000002,UNSAT,0
c7552.aag,g3,83,0.000002,UNSAT,0
c7552.aag,g3,1933,0.000002,UNSAT,0
c7552.aag,g3,1934,0.000001,UNSAT,0
c7552.aag,g3,1701,0.000002,UNSAT,0
c7552.aag,g3,1935,0.000002,UNSAT,0
c7552.aag,g3,1713,0.000002,UNSAT,0
c7552.aag,g3,1936,0.000002,UNSAT,0
c7552.aag,g3,1937,0.000002,UNSAT,0
c7552.aag,g3,2,0.000002,UNSAT,0
c7552.aag,g3,646,0.000002,UNSAT,0
c7552.aag,g3,1938,0.000002,UNSAT,0
c7552.aag,g3,1539,0.000002,UNSAT,0
c7552.aag,g3,634,0.000002,UNSAT,0
c7552.aag,g3,1939,0.000002,UNSAT,0
c7552.aag,g3,584,0.000002,UNSAT,0
c7552.aag,g3,74,0.000002,UNSAT,0
c7552.aag,g3,1940,0.000001,UNSAT,0
c7552.aag,g3,20,0.000001,UNSAT,0
c7552.aag,g3,43,0.000001,UNSAT,0
c7552.aag,g3,1941,0.000001,UNSAT,0
c7552.aag,g3,1942,0.000001,UNSAT,0
c7552.aag,g3,1943,0.000001,UNSAT,0
c7552.aag,g3,1,0.000001,UNSAT,0
c7552.aag,g3,1440,0.000001,UNSAT,0
c7552.aag,g3,85,0.000002,UNSAT,0
c7552.aag,g3,1944,0.000001,UNSAT,0
c7552.aag,g3,17,0.000001,UNSAT,0
c7552.aag,g3,1945,0.000001,UNSAT,0
c7552.aag,g3,287,0.000001,UNSAT,0
c7552.aag,g3,1701,0.000001,UNSAT,0
c7552.aag,g3,1946,0.000001,UNSAT,0
c7552.aag,g3,1947,0.000001,UNSAT,0
c7552.aag,g4,60,0.000006,UNSAT,0
c7552.aag,g4,1901,0.000002,UNSAT,0
c7552.aag,g4,1719,0.000002,UNSAT,0
c7552.aag,g4,34,0.000001,UNSAT,0
c7552.aag,g4,1526,0.000002,UNSAT,0
c7552.aag,g4,1310,0.000001,UNSAT,0
c7552.aag,g4,647,0.000001,UNSAT,0
c7552.aag,g4,1902,0.000001,UNSAT,0
c7552.aag,g4,1699,0.000002,UNSAT,0
c7552.aag,g4,186,0.000001,UNSAT,0
c7552.aag,g4,564,0.000001,UNSAT,0
c7552.aag,g4,1903,0.000001,UNSAT,0
c7552.aag,g4,1904,0.000001,UNSAT,0
c7552.aag,g4,1905,0.000001,UNSAT,0
c7552.aag,g4,231,0.000001,UNSAT,0
c7552.aag,g4,1906,0.000001,UNSAT,0
c7552.aag,g4,115,0.000001,UNSAT,0
c7552.aag,g4,1907,0.000002,UNSAT,0
c7552.aag,g4,1908,0.000001,UNSAT,0
c7552.aag,g4,1909,0.000001,UNSAT,0
c7552.aag,g4,247,0.000110,UNSAT,0
c7552.aag,g4,1701,0.000004,UNSAT,0
c7552.aag,g4,1241,0.000001,UNSAT,0
c7552.aag,g4,236,0.000002,UNSAT,0
c7552.aag,g4,1910,0.000001,UNSAT,0
c7552.aag,g4,1911,0.000001,UNSAT,0
c7552.aag,g4,1912,0.000001,UNSAT,0
c7552.aag,g4,1913,0.000001,UNSAT,0
c7552.aag,g4,1914,0.000001,UNSAT,0
c7552.aag,g4,1539,0.000001,UNSAT,0
c7552.aag,g4,127,0.000001,UNSAT,0
c7552.aag,g4,563,0.000001,UNSAT,0
c7552.aag,g4,876,0.000001,UNSAT,0
c7552.aag,g4,1915,0.000001,UNSAT,0
c7552.aag,g4,1702,0.000001,UNSAT,0
c7552.aag,g4,94,0.000001,UNSAT,0
c7552.aag,g4,1916,0.000001,UNSAT,0
c7552.aag,g4,1917,0.000001,UNSAT,0
c7552.aag,g4,129,0.000001,UNSAT,0
c7552.aag,g4,1918,0.000001,UNSAT,0
c7552.aag,g4,1358,0.000001,UNSAT,0
c7552.aag,g4,568,0.000002,UNSAT,0
c7552.aag,g4,1919,0.000001,UNSAT,0
c7552.aag,g4,165,0.000001,UNSAT,0
c7552.aag,g4,1920,0.000001,UNSAT,0
c7552.aag,g4,878,0.000001,UNSAT,0
c7552.aag,g4,924,0.000001,UNSAT,0
c7552.aag,g4,161,0.000001,UNSAT,0
c7552.aag,g4,54,0.000001,UNSAT,0
c7552.aag,g4,886,0.000001,UNSAT,0
c7552.aag,g4,1921,0.000001,UNSAT,0
c7552.aag,g4,1282,0.000001,UNSAT,0
c7552.aag,g4,896,0.000001,UNSAT,0
c7552.aag,g4,653,0.000002,UNSAT,0
c7552.aag,g4,1922,0.000001,UNSAT,0
c7552.aag,g4,1923,0.000001,UNSAT,0
c7552.aag,g4,919,0.000001,UNSAT,0
c7552.aag,g4,596,0.000001,UNSAT,0
c7552.aag,g4,919,0.000001,UNSAT,0
c7552.aag,g4,217,0.000001,UNSAT,0
c7552.aag,g4,112,0.000001,UNSAT,0
c7552.aag,g4,1924,0.000001,UNSAT,0
c7552.aag,g4,1925,0.000001,UNSAT,0
c7552.aag,g4,1926,0.000001,UNSAT,0
c7552.aag,g4,177,0.000001,UNSAT,0
c7552.aag,g4,1927,0.000001,UNSAT,0
c7552.aag,g4,1928,0.000001,UNSAT,0
c7552.aag,g4,1929,0.000001,UNSAT,0
c7552.aag,g4,3,0.000001,UNSAT,0
c7552.aag,g4,651,0.000001,UNSAT,0
c7552.aag,g4,1543,0.000001,UNSAT,0
c7552.aag,g4,1701,0.000001,UNSAT,0
c7552.aag,g4,602,0.000001,UNSAT,0
c7552.aag,g4,1930,0.000001,UNSAT,0
c7552.aag,g4,1931,0.000001,UNSAT,0
c7552.aag,g4,1932,0.000001,UNSAT,0
c7552.aag,g4,83,0.000001,UNSAT,0
c7552.aag,g4,1933,0.000001,UNSAT,0
c7552.aag,g4,1934,0.000001,UNSAT,0
c7552.aag,g4,1701,0.000001,UNSAT,0
c7552.aag,g4,1935,0.000001,UNSAT,0
c7552.aag,g4,1713,0.000001,UNSAT,0
c7552.aag,g4,1936,0.000001,UNSAT,0
c7552.aag,g4,1937,0.000001,UNSAT,0
c7552.aag,g4,2,0.000001,UNSAT,0
c7552.aag,g4,646,0.000002,UNSAT,0
c7552.aag,g4,1938,0.000001,UNSAT,0
c7552.aag,g4,1539,0.000001,UNSAT,0
c7552.aag,g4,634,0.000001,UNSAT,0
c7552.aag,g4,1939,0.000004,UNSAT,0
c7552.aag,g4,584,0.000001,UNSAT,0
c7552.aag,g4,74,0.000001,UNSAT,0
c7552.aag,g4,1940,0.000001,UNSAT,0
c7552.aag,g4,20,0.000001,UNSAT,0
c7552.aag,g4,43,0.000001,UNSAT,0
c7552.aag,g4,1941,0.000002,UNSAT,0
c7552.aag,g4,1942,0.000001,UNSAT,0
c7552.aag,g4,1943,0.000001,UNSAT,0
c7552.aag,g4,1,0.000001,UNSAT,0
c7552.aag,g4,1440,0.000001,UNSAT,0
c7552.aag,g4,85,0.000001,UNSAT,0
c7552.aag,g4,1944,0.000001,UNSAT,0
c7552.aag,g4,17,0.000001,UNSAT,0
c7552.aag,g4,1945,0.000002,UNSAT,0
c7552.aag,g4,287,0.000001,UNSAT,0
c7552.aag,g4,1701,0.000001,UNSAT,0
c7552.aag,g4,1946,0.000001,UNSAT,0
c7552.aag,g4,1947,0.000001,UNSAT,0
c7552.aag,m22,60,0.000005,UNSAT,0
c7552.aag,m22,1901,0.000002,UNSAT,0
c7552.aag,m22,1719,0.000001,UNSAT,0
c7552.aag,m22,34,0.000001,UNSAT,0
c7552.aag,m22,1526,0.000002,UNSAT,0
c7552.aag,m22,1310,0.000001,UNSAT,0
c7552.aag,m22,647,0.000001,UNSAT,0
c7552.aag,m22,1902,0.000001,UNSAT,0
c7552.aag,m22,1699,0.000001,UNSAT,0
c7552.aag,m22,186,0.000001,UNSAT,0
c7552.aag,m22,564,0.000001,UNSAT,0
c7552.aag,m22,1903,0.000001,UNSAT,0
c7552.aag,m22,1904,0.000001,UNSAT,0
c7552.aag,m22,1905,0.000001,UNSAT,0
c7552.aag,m22,231,0.000001,UNSAT,0
c7552.aag,m22,1906,0.000001,UNSAT,0
c7552.aag,m22,115,0.000001,UNSAT,0
c7552.aag,m22,1907,0.000001,UNSAT,0
c7552.aag,m22,1908,0.000001,UNSAT,0
c7552.aag,m22,1909,0.000001,UNSAT,0
c7552.aag,m22,247,0.000001,UNSAT,0
c7552.aag,m22,1701,0.000001,UNSAT,0
c7552.aag,m22,1241,0.000002,UNSAT,0
c7552.aag,m22,236,0.000001,UNSAT,0
c7552.aag,m22,1910,0.000001,UNSAT,0
c7552.aag,m22,1911,0.000001,UNSAT,0
c7552.aag,m22,1912,0.000001,UNSAT,0
c7552.aag,m22,1913,0.000001,UNSAT,0
c7552.aag,m22,1914,0.000001,UNSAT,0
c7552.aag,m22,1539,0.000001,UNSAT,0
c7552.aag,m22,127,0.000001,UNSAT,0
c7552.aag,m22,563,0.000001,UNSAT,0
c7552.aag,m22,876,0.000001,UNSAT,0
c7552.aag,m22,1915,0.000001,UNSAT,0
c7552.aag,m22,1702,0.000001,UNSAT,0
c7552.aag,m22,94,0.000001,UNSAT,0
c7552.aag,m22,1916,0.000001,UNSAT,0
c7552.aag,m22,1917,0.000001,UNSAT,0
c7552.aag,m22,129,0.000002,UNSAT,0
c7552.aag,m22,1918,0.000001,UNSAT,0
c7552.aag,m22,1358,0.000001,UNSAT,0
c7552.aag,m22,568,0.000002,UNSAT,0
c7552.aag,m22,1919,0.000001,UNSAT,0
c7552.aag,m22,165,0.000001,UNSAT,0
c7552.aag,m22,1920,0.000001,UNSAT,0
c7552.aag,m22,878,0.000001,UNSAT,0
c7552.aag,m22,924,0.000001,UNSAT,0
c7552.aag,m22,161,0.000001,UNSAT,0
c7552.aag,m22,54,0.000001,UNSAT,0
c7552.aag,m22,886,0.000001,UNSAT,0
c7552.aag,m22,1921,0.000001,UNSAT,0
c7552.aag,m22,1282,0.000001,UNSAT,0
c7552.aag,m22,896,0.000002,UNSAT,0
c7552.aag,m22,653,0.000001,UNSAT,0
c7552.aag,m22,1922,0.000001,UNSAT,0
c7552.aag,m22,1923,0.000001,UNSAT,0
c7552.aag,m22,919,0.000002,UNSAT,0
c7552.aag,m22,596,0.000001,UNSAT,0
c7552.aag,m22,919,0.000001,UNSAT,0
c7552.aag,m22,217,0.000002,UNSAT,0
c7552.aag,m22,112,0.000001,UNSAT,0
c7552.aag,m22,1924,0.000001,UNSAT,0
c7552.aag,m22,1925,0.000001,UNSAT,0
c7552.aag,m22,1926,0.000001,UNSAT,0
c7552.aag,m22,177,0.000001,UNSAT,0
c7552.aag,m22,1927,0.000001,UNSAT,0
c7552.aag,m22,1928,0.000001,UNSAT,0
c7552.aag,m22,1929,0.000001,UNSAT,0
c7552.aag,m22,3,0.000001,UNSAT,0
c7552.aag,m22,651,0.000001,UNSAT,0
c7552.aag,m22,1543,0.000001,UNSAT,0
c7552.aag,m22,1701,0.000001,UNSAT,0
c7552.aag,m22,602,0.000001,UNSAT,0
c7552.aag,m22,1930,0.000001,UNSAT,0
c7552.aag,m22,1931,0.000001,UNSAT,0
c7552.aag,m22,1932,0.000001,UNSAT,0
c7552.aag,m22,83,0.000001,UNSAT,0
c7552.aag,m22,1933,0.000001,UNSAT,0
c7552.aag,m22,1934,0.000001,UNSAT,0
c7552.aag,m22,1701,0.000001,UNSAT,0
c7552.aag,m22,1935,0.000001,UNSAT,0
c7552.aag,m22,1713,0.000001,UNSAT,0
c7552.aag,m22,1936,0.000001,UNSAT,0
c7552.aag,m22,1937,0.000001,UNSAT,0
c7552.aag,m22,2,0.000001,UNSAT,0
c7552.aag,m22,646,0.000001,UNSAT,0
c7552.aag,m22,1938,0.000001,UNSAT,0
c7552.aag,m22,1539,0.000001,UNSAT,0
c7552.aag,m22,634,0.000001,UNSAT,0
c7552.aag,m22,1939,0.000001,UNSAT,0
c7552.aag,m22,584,0.000001,UNSAT,0
c7552.aag,m22,74,0.000001,UNSAT,0
c7552.aag,m22,1940,0.000001,UNSAT,0
c7552.aag,m22,20,0.000001,UNSAT,0
c7552.aag,m22,43,0.000001,UNSAT,0
c7552.aag,m22,1941,0.000001,UNSAT,0
c7552.aag,m22,1942,0.000001,UNSAT,0
c7552.aag,m22,1943,0.000001,UNSAT,0
c7552.aag,m22,1,0.000001,UNSAT,0
c7552.aag,m22,1440,0.000001,UNSAT,0
c7552.aag,m22,85,0.000002,UNSAT,0
c7552.aag,m22,1944,0.000001,UNSAT,0
c7552.aag,m22,17,0.000001,UNSAT,0
c7552.aag,m22,1945,0.000002,UNSAT,0
c7552.aag,m22,287,0.000001,UNSAT,0
c7552.aag,m22,1701,0.000002,UNSAT,0
c7552.aag,m22,1946,0.000001,UNSAT,0
c7552.aag,m22,1947,0.000001,UNSAT,0
c7552.aag,maplechrono,60,0.000007,UNSAT,0
c7552.aag,maplechrono,1901,0.000003,UNSAT,0
c7552.aag,maplechrono,1719,0.000003,UNSAT,0
c7552.aag,maplechrono,34,0.000003,UNSAT,0
c7552.aag,maplechrono,1526,0.000003,UNSAT,0
c7552.aag,maplechrono,1310,0.000002,UNSAT,0
c7552.aag,maplechrono,647,0.000002,UNSAT,0
c7552.aag,maplechrono,1902,0.000002,UNSAT,0
c7552.aag,maplechrono,1699,0.000002,UNSAT,0
c7552.aag,maplechrono,186,0.000002,UNSAT,0
c7552.aag,maplechrono,564,0.000002,UNSAT,0
c7552.aag,maplechrono,1903,0.000002,UNSAT,0
c7552.aag,maplechrono,1904,0.000002,UNSAT,0
c7552.aag,maplechrono,1905,0.000002,UNSAT,0
c7552.aag,maplechrono,231,0.000002,UNSAT,0
c7552.aag,maplechrono,1906,0.000002,UNSAT,0
c7552.aag,maplechrono,115,0.000002,UNSAT,0
c7552.aag,maplechrono,1907,0.000002,UNSAT,0
c7552.aag,maplechrono,1908,0.000002,UNSAT,0
c7552.aag,maplechrono,1909,0.000002,UNSAT,0
c7552.aag,maplechrono,247,0.000002,UNSAT,0
c7552.aag,maplechrono,1701,0.000002,UNSAT,0
c7552.aag,maplechrono,1241,0.000002,UNSAT,0
c7552.aag,maplechrono,236,0.000002,UNSAT,0
c7552.aag,maplechrono,1910,0.000002,UNSAT,0
c7552.aag,maplechrono,1911,0.000002,UNSAT,0
c7552.aag,maplechrono,1912,0.000003,UNSAT,0
c7552.aag,maplechrono,1913,0.000002,UNSAT,0
c7552.aag,maplechrono,1914,0.000002,UNSAT,0
c7552.aag,maplechrono,1539,0.000002,UNSAT,0
c7552.aag,maplechrono,127,0.000002,UNSAT,0
c7552.aag,maplechrono,563,0.000003,UNSAT,0
c7552.aag,maplechrono,876,0.000002,UNSAT,0
c7552.aag,maplechrono,1915,0.000002,UNSAT,0
c7552.aag,maplechrono,1702,0.000002,UNSAT,0
c7552.aag,maplechrono,94,0.000002,UNSAT,0
c7552.aag,maplechrono,1916,0.000002,UNSAT,0
c7552.aag,maplechrono,1917,0.000002,UNSAT,0
c7552.aag,maplechrono,129,0.000002,UNSAT,0
c7552.aag,maplechrono,1918,0.000002,UNSAT,0
c7552.aag,maplechrono,1358,0.000003,UNSAT,0
c7552.aag,maplechrono,568,0.000003,UNSAT,0
c7552.aag,maplechrono,1919,0.000003,UNSAT,0
c7552.aag,maplechrono,165,0.000002,UNSAT,0
c7552.aag,maplechrono,1920,0.000002,UNSAT,0
c7552.aag,maplechrono,878,0.000002,UNSAT,0
c7552.aag,maplechrono,924,0.000002,UNSAT,0
c7552.aag,maplechrono,161,0.000002,UNSAT,0
c7552.aag,maplechrono,54,0.000002,UNSAT,0
c7552.aag,maplechrono,886,0.000002,UNSAT,0
c7552.aag,maplechrono,1921,0.000002,UNSAT,0
c7552.aag,maplechrono,1282,0.000002,UNSAT,0
c7552.aag,maplechrono,896,0.000003,UNSAT,0
c7552.aag,maplechrono,653,0.000002,UNSAT,0
c7552.aag,maplechrono,1922,0.000002,UNSAT,0
c7552.aag,maplechrono,1923,0.000002,UNSAT,0
c7552.aag,maplechrono,919,0.000002,UNSAT,0
c7552.aag,maplechrono,596,0.000002,UNSAT,0
c7552.aag,maplechrono,919,0.000002,UNSAT,0
c7552.aag,maplechrono,217,0.000002,UNSAT,0
c7552.aag,maplechrono,112,0.000002,UNSAT,0
c7552.aag,maplechrono,1924,0.000002,UNSAT,0
c7552.aag,maplechrono,1925,0.000002,UNSAT,0
c7552.aag,maplechrono,1926,0.000002,UNSAT,0
c7552.aag,maplechrono,177,0.000002,UNSAT,0
c7552.aag,maplechrono,1927,0.000002,UNSAT,0
c7552.aag,maplechrono,1928,0.000002,UNSAT,0
c7552.aag,maplechrono,1929,0.000003,UNSAT,0
c7552.aag,maplechrono,3,0.000002,UNSAT,0
c7552.aag,maplechrono,651,0.000002,UNSAT,0
c7552.aag,maplechrono,1543,0.000002,UNSAT,0
c7552.aag,maplechrono,1701,0.000002,UNSAT,0
c7552.aag,maplechrono,602,0.000002,UNSAT,0
c7552.aag,maplechrono,1930,0.000002,UNSAT,0
c7552.aag,maplechrono,1931,0.000002,UNSAT,0
c7552.aag,maplechrono,1932,0.000002,UNSAT,0
c7552.aag,maplechrono,83,0.000002,UNSAT,0
c7552.aag,maplechrono,1933,0.000002,UNSAT,0
c7552.aag,maplechrono,1934,0.000002,UNSAT,0
c7552.aag,maplechrono,1701,0.000002,UNSAT,0
c7552.aag,maplechrono,1935,0.000005,UNSAT,0
c7552.aag,maplechrono,1713,0.000003,UNSAT,0
c7552.aag,maplechrono,1936,0.000003,UNSAT,0
c7552.aag,maplechrono,1937,0.000002,UNSAT,0
c7552.aag,maplechrono,2,0.000002,UNSAT,0
c7552.aag,maplechrono,646,0.000002,UNSAT,0
c7552.aag,maplechrono,1938,0.000002,UNSAT,0
c7552.aag,maplechrono,1539,0.000002,UNSAT,0
c7552.aag,maplechrono,634,0.000002,UNSAT,0
c7552.aag,maplechrono,1939,0.000002,UNSAT,0
c7552.aag,maplechrono,584,0.000002,UNSAT,0
c7552.aag,maplechrono,74,0.000002,UNSAT,0
c7552.aag,maplechrono,1940,0.000002,UNSAT,0
c7552.aag,maplechrono,20,0.000002,UNSAT,0
c7552.aag,maplechrono,43,0.000002,UNSAT,0
c7552.aag,maplechrono,1941,0.000002,UNSAT,0
c7552.aag,maplechrono,1942,0.000002,UNSAT,0
c7552.aag,maplechrono,1943,0.000002,UNSAT,0
c7552.aag,maplechrono,1,0.000002,UNSAT,0
c7552.aag,maplechrono,1440,0.000002,UNSAT,0
c7552.aag,maplechrono,85,0.000003,UNSAT,0
c7552.aag,maplechrono,1944,0.000003,UNSAT,0
c7552.aag,maplechrono,17,0.000003,UNSAT,0
c7552.aag,maplechrono,1945,0.000003,UNSAT,0
c7552.aag,maplechrono,287,0.000002,UNSAT,0
c7552.aag,maplechrono,1701,0.000002,UNSAT,0
c7552.aag,maplechrono,1946,0.000003,UNSAT,0
c7552.aag,maplechrono,1947,0.000002,UNSAT,0
alu_8bit.aag,g3,244,0.000005,UNSAT,0
alu_8bit.aag,g3,245,0.000002,UNSAT,0
alu_8bit.aag,g3,246,0.000002,UNSAT,0
alu_8bit.aag,g3,247,0.000001,UNSAT,0
alu_8bit.aag,g3,248,0.000001,UNSAT,0
alu_8bit.aag,g3,243,0.000001,UNSAT,0
alu_8bit.aag,g3,31,0.000001,UNSAT,0
alu_8bit.aag,g3,249,0.000001,UNSAT,0
alu_8bit.aag,g3,250,0.000002,UNSAT,0
alu_8bit.aag,g4,244,0.000004,UNSAT,0
alu_8bit.aag,g4,245,0.000002,UNSAT,0
alu_8bit.aag,g4,246,0.000001,UNSAT,0
alu_8bit.aag,g4,247,0.000001,UNSAT,0
alu_8bit.aag,g4,248,0.000001,UNSAT,0
alu_8bit.aag,g4,243,0.000001,UNSAT,0
alu_8bit.aag,g4,31,0.000001,UNSAT,0
alu_8bit.aag,g4,249,0.000001,UNSAT,0
alu_8bit.aag,g4,250,0.000001,UNSAT,0
alu_8bit.aag,m22,244,0.000004,UNSAT,0
alu_8bit.aag,m22,245,0.000002,UNSAT,0
alu_8bit.aag,m22,246,0.000001,UNSAT,0
alu_8bit.aag,m22,247,0.000001,UNSAT,0
alu_8bit.aag,m22,248,0.000001,UNSAT,0
alu_8bit.aag,m22,243,0.000001,UNSAT,0
alu_8bit.aag,m22,31,0.000001,UNSAT,0
alu_8bit.aag,m22,249,0.000001,UNSAT,0
alu_8bit.aag,m22,250,0.000001,UNSAT,0
alu_8bit.aag,maplechrono,244,0.000006,UNSAT,0
alu_8bit.aag,maplechrono,245,0.000003,UNSAT,0
alu_8bit.aag,maplechrono,246,0.000003,UNSAT,0
alu_8bit.aag,maplechrono,247,0.000002,UNSAT,0
alu_8bit.aag,maplechrono,248,0.000002,UNSAT,0
alu_8bit.aag,maplechrono,243,0.000003,UNSAT,0
alu_8bit.aag,maplechrono,31,0.000003,UNSAT,0
alu_8bit.aag,maplechrono,249,0.000002,UNSAT,0
alu_8bit.aag,maplechrono,250,0.000002,UNSAT,0
c3540.aag,g3,1003,0.000010,UNSAT,0
c3540.aag,g3,1004,0.000002,UNSAT,0
c3540.aag,g3,1005,0.000001,UNSAT,0
c3540.aag,g3,1006,0.000001,UNSAT,0
c3540.aag,g3,561,0.000001,UNSAT,0
c3540.aag,g3,1007,0.000001,UNSAT,0
c3540.aag,g3,987,0.000002,UNSAT,0
c3540.aag,g3,1008,0.000001,UNSAT,0
c3540.aag,g3,1009,0.000001,UNSAT,0
c3540.aag,g3,1010,0.000001,UNSAT,0
c3540.aag,g3,990,0.000001,UNSAT,0
c3540.aag,g3,1011,0.000001,UNSAT,0
c3540.aag,g3,1012,0.000002,UNSAT,0
c3540.aag,g3,1013,0.000001,UNSAT,0
c3540.aag,g3,1014,0.000001,UNSAT,0
c3540.aag,g3,1015,0.000002,UNSAT,0
c3540.aag,g3,918,0.000002,UNSAT,0
c3540.aag,g3,1016,0.000001,UNSAT,0
c3540.aag,g3,1017,0.000002,UNSAT,0
c3540.aag,g3,1018,0.000002,UNSAT,0
c3540.aag,g3,1019,0.000001,UNSAT,0
c3540.aag,g3,560,0.000001,UNSAT,0
c3540.aag,g4,1003,0.000005,UNSAT,0
c3540.aag,g4,1004,0.000002,UNSAT,0
c3540.aag,g4,1005,0.000001,UNSAT,0
c3540.aag,g4,1006,0.000002,UNSAT,0
c3540.aag,g4,561,0.000001,UNSAT,0
c3540.aag,g4,1007,0.000001,UNSAT,0
c3540.aag,g4,987,0.000001,UNSAT,0
c3540.aag,g4,1008,0.000001,UNSAT,0
c3540.aag,g4,1009,0.000001,UNSAT,0
c3540.aag,g4,1010,0.000001,UNSAT,0
c3540.aag,g4,990,0.000001,UNSAT,0
c3540.aag,g4,1011,0.000001,UNSAT,0
c3540.aag,g4,1012,0.000001,UNSAT,0
c3540.aag,g4,1013,0.000001,UNSAT,0
c3540.aag,g4,1014,0.000001,UNSAT,0
c3540.aag,g4,1015,0.000001,UNSAT,0
c3540.aag,g4,918,0.000001,UNSAT,0
c3540.aag,g4,1016,0.000001,UNSAT,0
c3540.aag,g4,1017,0.000001,UNSAT,0
c3540.aag,g4,1018,0.000002,UNSAT,0
c3540.aag,g4,1019,0.000001,UNSAT,0
c3540.aag,g4,560,0.000002,UNSAT,0
c3540.aag,m22,1003,0.000004,UNSAT,0
c3540.aag,m22,1004,0.000001,UNSAT,0
c3540.aag,m22,1005,0.000001,UNSAT,0
c3540.aag,m22,1006,0.000002,UNSAT,0
c3540.aag,m22,561,0.000001,UNSAT,0
c3540.aag,m22,1007,0.000001,UNSAT,0
c3540.aag,m22,987,0.000002,UNSAT,0
c3540.aag,m22,1008,0.000001,UNSAT,0
c3540.aag,m22,1009,0.000001,UNSAT,0
c3540.aag,m22,1010,0.000002,UNSAT,0
c3540.aag,m22,990,0.000001,UNSAT,0
c3540.aag,m22,1011,0.000001,UNSAT,0
c3540.aag,m22,1012,0.000001,UNSAT,0
c3540.aag,m22,1013,0.000001,UNSAT,0
c3540.aag,m22,1014,0.000001,UNSAT,0
c3540.aag,m22,1015,0.000001,UNSAT,0
c3540.aag,m22,918,0.000001,UNSAT,0
c3540.aag,m22,1016,0.000001,UNSAT,0
c3540.aag,m22,1017,0.000001,UNSAT,0
c3540.aag,m22,1018,0.000001,UNSAT,0
c3540.aag,m22,1019,0.000001,UNSAT,0
c3540.aag,m22,560,0.000001,UNSAT,0
c3540.aag,maplechrono,1003,0.000006,UNSAT,0
c3540.aag,maplechrono,1004,0.000003,UNSAT,0
c3540.aag,maplechrono,1005,0.000002,UNSAT,0
c3540.aag,maplechrono,1006,0.000002,UNSAT,0
c3540.aag,maplechrono,561,0.000002,UNSAT,0
c3540.aag,maplechrono,1007,0.000002,UNSAT,0
c3540.aag,maplechrono,987,0.000003,UNSAT,0
c3540.aag,maplechrono,1008,0.000003,UNSAT,0
c3540.aag,maplechrono,1009,0.000002,UNSAT,0
c3540.aag,maplechrono,1010,0.000002,UNSAT,0
c3540.aag,maplechrono,990,0.000002,UNSAT,0
c3540.aag,maplechrono,1011,0.000003,UNSAT,0
c3540.aag,maplechrono,1012,0.000003,UNSAT,0
c3540.aag,maplechrono,1013,0.000002,UNSAT,0
c3540.aag,maplechrono,1014,0.000002,UNSAT,0
c3540.aag,maplechrono,1015,0.000002,UNSAT,0
c3540.aag,maplechrono,918,0.000002,UNSAT,0
c3540.aag,maplechrono,1016,0.000002,UNSAT,0
c3540.aag,maplechrono,1017,0.000003,UNSAT,0
c3540.aag,maplechrono,1018,0.000002,UNSAT,0
c3540.aag,maplechrono,1019,0.000003,UNSAT,0
c3540.aag,maplechrono,560,0.000002,UNSAT,0
c17.aag,g3,12,0.000013,SAT,1
c17.aag,g3,13,0.000005,SAT,1
c17.aag,g4,12,0.000012,SAT,1
c17.aag,g4,13,0.000005,SAT,1
c17.aag,m22,12,0.000010,SAT,1
c17.aag,m22,13,0.000003,SAT,1
c17.aag,maplechrono,12,0.000011,SAT,1
c17.aag,maplechrono,13,0.000004,SAT,1
c6288.aag,g3,1903,0.000008,UNSAT,0
c6288.aag,g3,1904,0.000002,UNSAT,0
c6288.aag,g3,1905,0.000002,UNSAT,0
c6288.aag,g3,1876,0.000001,UNSAT,0
c6288.aag,g3,1906,0.000001,UNSAT,0
c6288.aag,g3,1907,0.000001,UNSAT,0
c6288.aag,g3,1847,0.000002,UNSAT,0
c6288.aag,g3,1908,0.000001,UNSAT,0
c6288.aag,g3,1909,0.000002,UNSAT,0
c6288.aag,g3,1849,0.000001,UNSAT,0
c6288.aag,g3,1910,0.000001,UNSAT,0
c6288.aag,g3,1911,0.000002,UNSAT,0
c6288.aag,g3,1912,0.000002,UNSAT,0
c6288.aag,g3,1913,0.000001,UNSAT,0
c6288.aag,g3,1914,0.000001,UNSAT,0
c6288.aag,g3,1915,0.000001,UNSAT,0
c6288.aag,g3,1916,0.000001,UNSAT,0
c6288.aag,g3,1917,0.000002,UNSAT,0
c6288.aag,g3,1918,0.000001,UNSAT,0
c6288.aag,g3,1919,0.000001,UNSAT,0
c6288.aag,g3,1884,0.000001,UNSAT,0
c6288.aag,g3,1920,0.000001,UNSAT,0
c6288.aag,g3,1921,0.000001,UNSAT,0
c6288.aag,g3,1922,0.000001,UNSAT,0
c6288.aag,g3,1923,0.000001,UNSAT,0
c6288.aag,g3,1924,0.000001,UNSAT,0
c6288.aag,g3,1925,0.000001,UNSAT,0
c6288.aag,g3,1926,0.000001,UNSAT,0
c6288.aag,g3,1927,0.000001,UNSAT,0
c6288.aag,g3,1928,0.000001,UNSAT,0
c6288.aag,g3,1929,0.000001,UNSAT,0
c6288.aag,g3,1930,0.000001,UNSAT,0
c6288.aag,g4,1903,0.000004,UNSAT,0
c6288.aag,g4,1904,0.000002,UNSAT,0
c6288.aag,g4,1905,0.000001,UNSAT,0
c6288.aag,g4,1876,0.000001,UNSAT,0
c6288.aag,g4,1906,0.000001,UNSAT,0
c6288.aag,g4,1907,0.000001,UNSAT,0
c6288.aag,g4,1847,0.000001,UNSAT,0
c6288.aag,g4,1908,0.000002,UNSAT,0
c6288.aag,g4,1909,0.000001,UNSAT,0
c6288.aag,g4,1849,0.000001,UNSAT,0
c6288.aag,g4,1910,0.000001,UNSAT,0
c6288.aag,g4,1911,0.000001,UNSAT,0
c6288.aag,g4,1912,0.000001,UNSAT,0
c6288.aag,g4,1913,0.000001,UNSAT,0
c6288.aag,g4,1914,0.000001,UNSAT,0
c6288.aag,g4,1915,0.000001,UNSAT,0
c6288.aag,g4,1916,0.000001,UNSAT,0
c6288.aag,g4,1917,0.000001,UNSAT,0
c6288.aag,g4,1918,0.000001,UNSAT,0
c6288.aag,g4,1919,0.000004,UNSAT,0
c6288.aag,g4,1884,0.000002,UNSAT,0
c6288.aag,g4,1920,0.000001,UNSAT,0
c6288.aag,g4,1921,0.000001,UNSAT,0
c6288.aag,g4,1922,0.000002,UNSAT,0
c6288.aag,g4,1923,0.000001,UNSAT,0
c6288.aag,g4,1924,0.000001,UNSAT,0
c6288.aag,g4,1925,0.000001,UNSAT,0
c6288.aag,g4,1926,0.000001,UNSAT,0
c6288.aag,g4,1927,0.000001,UNSAT,0
c6288.aag,g4,1928,0.000002,UNSAT,0
c6288.aag,g4,1929,0.000001,UNSAT,0
c6288.aag,g4,1930,0.000001,UNSAT,0
c6288.aag,m22,1903,0.000004,UNSAT,0
c6288.aag,m22,1904,0.000002,UNSAT,0
c6288.aag,m22,1905,0.000001,UNSAT,0
c6288.aag,m22,1876,0.000001,UNSAT,0
c6288.aag,m22,1906,0.000001,UNSAT,0
c6288.aag,m22,1907,0.000001,UNSAT,0
c6288.aag,m22,1847,0.000001,UNSAT,0
c6288.aag,m22,1908,0.000001,UNSAT,0
c6288.aag,m22,1909,0.000001,UNSAT,0
c6288.aag,m22,1849,0.000001,UNSAT,0
c6288.aag,m22,1910,0.000002,UNSAT,0
c6288.aag,m22,1911,0.000001,UNSAT,0
c6288.aag,m22,1912,0.000001,UNSAT,0
c6288.aag,m22,1913,0.000001,UNSAT,0
c6288.aag,m22,1914,0.000001,UNSAT,0
c6288.aag,m22,1915,0.000001,UNSAT,0
c6288.aag,m22,1916,0.000001,UNSAT,0
c6288.aag,m22,1917,0.000001,UNSAT,0
c6288.aag,m22,1918,0.000001,UNSAT,0
c6288.aag,m22,1919,0.000001,UNSAT,0
c6288.aag,m22,1884,0.000001,UNSAT,0
c6288.aag,m22,1920,0.000001,UNSAT,0
c6288.aag,m22,1921,0.000001,UNSAT,0
c6288.aag,m22,1922,0.000002,UNSAT,0
c6288.aag,m22,1923,0.000001,UNSAT,0
c6288.aag,m22,1924,0.000001,UNSAT,0
c6288.aag,m22,1925,0.000002,UNSAT,0
c6288.aag,m22,1926,0.000002,UNSAT,0
c6288.aag,m22,1927,0.000001,UNSAT,0
c6288.aag,m22,1928,0.000001,UNSAT,0
c6288.aag,m22,1929,0.000001,UNSAT,0
c6288.aag,m22,1930,0.000001,UNSAT,0
c6288.aag,maplechrono,1903,0.000007,UNSAT,0
c6288.aag,maplechrono,1904,0.000003,UNSAT,0
c6288.aag,maplechrono,1905,0.000003,UNSAT,0
c6288.aag,maplechrono,1876,0.000002,UNSAT,0
c6288.aag,maplechrono,1906,0.000002,UNSAT,0
c6288.aag,maplechrono,1907,0.000002,UNSAT,0
c6288.aag,maplechrono,1847,0.000003,UNSAT,0
c6288.aag,maplechrono,1908,0.000002,UNSAT,0
c6288.aag,maplechrono,1909,0.000002,UNSAT,0
c6288.aag,maplechrono,1849,0.000003,UNSAT,0
c6288.aag,maplechrono,1910,0.000002,UNSAT,0
c6288.aag,maplechrono,1911,0.000002,UNSAT,0
c6288.aag,maplechrono,1912,0.000002,UNSAT,0
c6288.aag,maplechrono,1913,0.000002,UNSAT,0
c6288.aag,maplechrono,1914,0.000002,UNSAT,0
c6288.aag,maplechrono,1915,0.000002,UNSAT,0
c6288.aag,maplechrono,1916,0.000002,UNSAT,0
c6288.aag,maplechrono,1917,0.000002,UNSAT,0
c6288.aag,maplechrono,1918,0.000003,UNSAT,0
c6288.aag,maplechrono,1919,0.000002,UNSAT,0
c6288.aag,maplechrono,1884,0.000002,UNSAT,0
c6288.aag,maplechrono,1920,0.000002,UNSAT,0
c6288.aag,maplechrono,1921,0.000002,UNSAT,0
c6288.aag,maplechrono,1922,0.000002,UNSAT,0
c6288.aag,maplechrono,1923,0.000002,UNSAT,0
c6288.aag,maplechrono,1924,0.000002,UNSAT,0
c6288.aag,maplechrono,1925,0.000002,UNSAT,0
c6288.aag,maplechrono,1926,0.000002,UNSAT,0
c6288.aag,maplechrono,1927,0.000002,UNSAT,0
c6288.aag,maplechrono,1928,0.000002,UNSAT,0
c6288.aag,maplechrono,1929,0.000003,UNSAT,0
c6288.aag,maplechrono,1930,0.000003,UNSAT,0
