Circuit,Solver,Wire_ID,Time_Sec,Status,Method
arbiter_8bit.aag,glucose4,18,0.000011,UNSAT (REDUNDANT),PYSAT
arbiter_8bit.aag,glucose4,19,0.000001,SAT,SIMULATION
arbiter_8bit.aag,glucose4,23,0.000001,SAT,SIMULATION
arbiter_8bit.aag,glucose4,22,0.000001,SAT,SIMULATION
arbiter_8bit.aag,glucose4,2,0.000001,SAT,SIMULATION
arbiter_8bit.aag,glucose4,5,0.000001,SAT,SIMULATION
arbiter_8bit.aag,glucose4,14,0.000004,UNSAT (REDUNDANT),PYSAT
arbiter_8bit.aag,glucose4,20,0.000001,SAT,SIMULATION
c499.aag,glucose4,550,0.000001,SAT,SIMULATION
c499.aag,glucose4,551,0.000001,SAT,SIMULATION
c499.aag,glucose4,552,0.000001,SAT,SIMULATION
c499.aag,glucose4,553,0.000001,SAT,SIMULATION
c499.aag,glucose4,554,0.000001,SAT,SIMULATION
c499.aag,glucose4,555,0.000001,SAT,SIMULATION
c499.aag,glucose4,556,0.000001,SAT,SIMULATION
c499.aag,glucose4,557,0.000001,SAT,SIMULATION
c499.aag,glucose4,558,0.000001,SAT,SIMULATION
c499.aag,glucose4,559,0.000001,SAT,SIMULATION
c499.aag,glucose4,560,0.000001,SAT,SIMULATION
c499.aag,glucose4,561,0.000001,SAT,SIMULATION
c499.aag,glucose4,562,0.000001,SAT,SIMULATION
c499.aag,glucose4,563,0.000001,SAT,SIMULATION
c499.aag,glucose4,564,0.000001,SAT,SIMULATION
c499.aag,glucose4,565,0.000001,SAT,SIMULATION
c499.aag,glucose4,566,0.000001,SAT,SIMULATION
c499.aag,glucose4,567,0.000001,SAT,SIMULATION
c499.aag,glucose4,568,0.000001,SAT,SIMULATION
c499.aag,glucose4,569,0.000001,SAT,SIMULATION
c499.aag,glucose4,570,0.000001,SAT,SIMULATION
c499.aag,glucose4,571,0.000001,SAT,SIMULATION
c499.aag,glucose4,572,0.000001,SAT,SIMULATION
c499.aag,glucose4,573,0.000001,SAT,SIMULATION
c499.aag,glucose4,574,0.000001,SAT,SIMULATION
c499.aag,glucose4,575,0.000001,SAT,SIMULATION
c499.aag,glucose4,576,0.000001,SAT,SIMULATION
c499.aag,glucose4,577,0.000001,SAT,SIMULATION
c499.aag,glucose4,578,0.000001,SAT,SIMULATION
c499.aag,glucose4,579,0.000001,SAT,SIMULATION
c499.aag,glucose4,580,0.000001,SAT,SIMULATION
c499.aag,glucose4,581,0.000001,SAT,SIMULATION
c5315.aag,glucose4,1685,0.000001,SAT,SIMULATION
c5315.aag,glucose4,1037,0.000001,SAT,SIMULATION
c5315.aag,glucose4,1185,0.000001,SAT,SIMULATION
c5315.aag,glucose4,1686,0.000001,SAT,SIMULATION
c5315.aag,glucose4,361,0.000001,SAT,SIMULATION
c5315.aag,glucose4,1687,0.000001,SAT,SIMULATION
c5315.aag,glucose4,1688,0.000001,SAT,SIMULATION
c5315.aag,glucose4,1689,0.000001,SAT,SIMULATION
c5315.aag,glucose4,1690,0.000001,SAT,SIMULATION
c5315.aag,glucose4,1691,0.000001,SAT,SIMULATION
c5315.aag,glucose4,1420,0.000008,UNSAT (REDUNDANT),PYSAT
c5315.aag,glucose4,1378,0.000001,SAT,SIMULATION
c5315.aag,glucose4,457,0.000001,SAT,SIMULATION
c5315.aag,glucose4,1478,0.000001,SAT,SIMULATION
c5315.aag,glucose4,1019,0.000001,SAT,SIMULATION
c5315.aag,glucose4,1692,0.000001,SAT,SIMULATION
c5315.aag,glucose4,1613,0.000001,SAT,SIMULATION
c5315.aag,glucose4,1693,0.000001,SAT,SIMULATION
c5315.aag,glucose4,1639,0.000001,SAT,SIMULATION
c5315.aag,glucose4,1582,0.000001,SAT,SIMULATION
c5315.aag,glucose4,158,0.000002,UNSAT (REDUNDANT),PYSAT
c5315.aag,glucose4,1182,0.000002,UNSAT (REDUNDANT),PYSAT
c5315.aag,glucose4,1144,0.000001,SAT,SIMULATION
c5315.aag,glucose4,1694,0.000001,SAT,SIMULATION
c5315.aag,glucose4,1090,0.000001,SAT,SIMULATION
c5315.aag,glucose4,481,0.000001,SAT,SIMULATION
c5315.aag,glucose4,1695,0.000001,SAT,SIMULATION
c5315.aag,glucose4,1557,0.000001,SAT,SIMULATION
c5315.aag,glucose4,1696,0.000001,SAT,SIMULATION
c5315.aag,glucose4,1697,0.000001,SAT,SIMULATION
c5315.aag,glucose4,1698,0.000001,SAT,SIMULATION
c5315.aag,glucose4,1699,0.000001,SAT,SIMULATION
c5315.aag,glucose4,1700,0.000001,SAT,SIMULATION
c5315.aag,glucose4,1701,0.000001,SAT,SIMULATION
c5315.aag,glucose4,1702,0.000001,SAT,SIMULATION
c5315.aag,glucose4,1703,0.000001,SAT,SIMULATION
c5315.aag,glucose4,1704,0.000001,SAT,SIMULATION
c5315.aag,glucose4,157,0.000001,SAT,SIMULATION
c5315.aag,glucose4,973,0.000001,SAT,SIMULATION
c5315.aag,glucose4,1705,0.000001,SAT,SIMULATION
c5315.aag,glucose4,393,0.000001,SAT,SIMULATION
c5315.aag,glucose4,1706,0.000001,SAT,SIMULATION
c5315.aag,glucose4,477,0.000001,SAT,SIMULATION
c5315.aag,glucose4,1622,0.000001,SAT,SIMULATION
c5315.aag,glucose4,1183,0.000001,SAT,SIMULATION
c5315.aag,glucose4,1648,0.000001,SAT,SIMULATION
c5315.aag,glucose4,1409,0.000001,SAT,SIMULATION
c5315.aag,glucose4,1707,0.000001,SAT,SIMULATION
c5315.aag,glucose4,1708,0.000001,SAT,SIMULATION
c5315.aag,glucose4,1420,0.000001,UNSAT (REDUNDANT),PYSAT
c5315.aag,glucose4,378,0.000001,SAT,SIMULATION
c5315.aag,glucose4,1534,0.000001,UNSAT (REDUNDANT),PYSAT
c5315.aag,glucose4,951,0.000001,SAT,SIMULATION
c5315.aag,glucose4,1709,0.000001,SAT,SIMULATION
c5315.aag,glucose4,1192,0.000001,SAT,SIMULATION
c5315.aag,glucose4,1710,0.000001,SAT,SIMULATION
c5315.aag,glucose4,1573,0.000001,SAT,SIMULATION
c5315.aag,glucose4,1547,0.000001,SAT,SIMULATION
c5315.aag,glucose4,1711,0.000001,SAT,SIMULATION
c5315.aag,glucose4,1712,0.000001,SAT,SIMULATION
c5315.aag,glucose4,1713,0.000001,SAT,SIMULATION
c5315.aag,glucose4,1631,0.000001,SAT,SIMULATION
c5315.aag,glucose4,1459,0.000001,SAT,SIMULATION
c5315.aag,glucose4,1397,0.000001,SAT,SIMULATION
c5315.aag,glucose4,1224,0.000001,SAT,SIMULATION
c5315.aag,glucose4,1714,0.000001,SAT,SIMULATION
c5315.aag,glucose4,1715,0.000001,SAT,SIMULATION
c5315.aag,glucose4,149,0.000001,SAT,SIMULATION
c5315.aag,glucose4,1716,0.000001,SAT,SIMULATION
c5315.aag,glucose4,1276,0.000001,SAT,SIMULATION
c5315.aag,glucose4,1548,0.000001,SAT,SIMULATION
c5315.aag,glucose4,1668,0.000001,SAT,SIMULATION
c5315.aag,glucose4,1144,0.000001,SAT,SIMULATION
c5315.aag,glucose4,1717,0.000001,SAT,SIMULATION
c5315.aag,glucose4,1183,0.000001,SAT,SIMULATION
c5315.aag,glucose4,1656,0.000001,UNSAT (REDUNDANT),PYSAT
c5315.aag,glucose4,1566,0.000001,SAT,SIMULATION
c5315.aag,glucose4,1111,0.000001,SAT,SIMULATION
c5315.aag,glucose4,1659,0.000001,SAT,SIMULATION
c5315.aag,glucose4,147,0.000001,SAT,SIMULATION
c5315.aag,glucose4,1718,0.000001,SAT,SIMULATION
c5315.aag,glucose4,1719,0.000001,SAT,SIMULATION
c5315.aag,glucose4,1720,0.000001,SAT,SIMULATION
c5315.aag,glucose4,1721,0.000001,SAT,SIMULATION
c5315.aag,glucose4,1003,0.000001,SAT,SIMULATION
c5315.aag,glucose4,214,0.000001,SAT,SIMULATION
c5315.aag,glucose4,1722,0.000001,SAT,SIMULATION
c5315.aag,glucose4,1723,0.000001,SAT,SIMULATION
c5315.aag,glucose4,1724,0.000001,SAT,SIMULATION
c5315.aag,glucose4,1486,0.000001,SAT,SIMULATION
c5315.aag,glucose4,1725,0.000001,SAT,SIMULATION
c5315.aag,glucose4,1183,0.000001,SAT,SIMULATION
c5315.aag,glucose4,1183,0.000001,SAT,SIMULATION
c5315.aag,glucose4,1726,0.000001,SAT,SIMULATION
c5315.aag,glucose4,175,0.000001,SAT,SIMULATION
c5315.aag,glucose4,1129,0.000001,SAT,SIMULATION
c5315.aag,glucose4,1727,0.000001,SAT,SIMULATION
c5315.aag,glucose4,1485,0.000001,SAT,SIMULATION
c5315.aag,glucose4,1728,0.000001,SAT,SIMULATION
c5315.aag,glucose4,1337,0.000001,SAT,SIMULATION
c5315.aag,glucose4,147,0.000001,SAT,SIMULATION
c5315.aag,glucose4,1182,0.000001,UNSAT (REDUNDANT),PYSAT
c5315.aag,glucose4,1203,0.000001,SAT,SIMULATION
c5315.aag,glucose4,1729,0.000001,SAT,SIMULATION
c5315.aag,glucose4,1032,0.000001,SAT,SIMULATION
c5315.aag,glucose4,1730,0.000001,SAT,SIMULATION
c5315.aag,glucose4,1183,0.000001,SAT,SIMULATION
c5315.aag,glucose4,1484,0.000003,UNSAT (REDUNDANT),PYSAT
c5315.aag,glucose4,1731,0.000001,SAT,SIMULATION
c5315.aag,glucose4,1732,0.000001,SAT,SIMULATION
c5315.aag,glucose4,1733,0.000001,SAT,SIMULATION
c5315.aag,glucose4,1734,0.000001,SAT,SIMULATION
c5315.aag,glucose4,1063,0.000001,SAT,SIMULATION
c5315.aag,glucose4,1735,0.000001,SAT,SIMULATION
c5315.aag,glucose4,1515,0.000001,SAT,SIMULATION
c5315.aag,glucose4,1156,0.000001,SAT,SIMULATION
c5315.aag,glucose4,1505,0.000001,SAT,SIMULATION
c5315.aag,glucose4,1736,0.000001,SAT,SIMULATION
c5315.aag,glucose4,1526,0.000001,SAT,SIMULATION
c5315.aag,glucose4,1737,0.000001,SAT,SIMULATION
c5315.aag,glucose4,1738,0.000001,SAT,SIMULATION
c5315.aag,glucose4,1145,0.000001,SAT,SIMULATION
c5315.aag,glucose4,1080,0.000001,SAT,SIMULATION
c1908.aag,glucose4,434,0.000001,SAT,SIMULATION
c1908.aag,glucose4,399,0.000001,SAT,SIMULATION
c1908.aag,glucose4,444,0.000001,SAT,SIMULATION
c1908.aag,glucose4,341,0.000001,SAT,SIMULATION
c1908.aag,glucose4,445,0.000001,SAT,SIMULATION
c1908.aag,glucose4,428,0.000001,SAT,SIMULATION
c1908.aag,glucose4,408,0.000001,SAT,SIMULATION
c1908.aag,glucose4,387,0.000001,SAT,SIMULATION
c1908.aag,glucose4,259,0.000001,SAT,SIMULATION
c1908.aag,glucose4,269,0.000001,SAT,SIMULATION
c1908.aag,glucose4,431,0.000001,SAT,SIMULATION
c1908.aag,glucose4,443,0.000001,SAT,SIMULATION
c1908.aag,glucose4,437,0.000001,SAT,SIMULATION
c1908.aag,glucose4,376,0.000001,SAT,SIMULATION
c1908.aag,glucose4,411,0.000001,SAT,SIMULATION
c1908.aag,glucose4,344,0.000001,SAT,SIMULATION
c1908.aag,glucose4,446,0.000001,SAT,SIMULATION
c1908.aag,glucose4,402,0.000001,SAT,SIMULATION
c1908.aag,glucose4,329,0.000001,SAT,SIMULATION
c1908.aag,glucose4,373,0.000001,SAT,SIMULATION
c1908.aag,glucose4,440,0.000001,SAT,SIMULATION
c1908.aag,glucose4,332,0.000001,SAT,SIMULATION
c1908.aag,glucose4,393,0.000001,SAT,SIMULATION
c1908.aag,glucose4,414,0.000001,SAT,SIMULATION
c1908.aag,glucose4,338,0.000001,SAT,SIMULATION
c432.aag,glucose4,162,0.000001,SAT,SIMULATION
c432.aag,glucose4,163,0.000001,SAT,SIMULATION
c432.aag,glucose4,164,0.000001,SAT,SIMULATION
c432.aag,glucose4,165,0.000001,SAT,SIMULATION
c432.aag,glucose4,156,0.000001,SAT,SIMULATION
c432.aag,glucose4,166,0.000001,SAT,SIMULATION
c432.aag,glucose4,167,0.000001,SAT,SIMULATION
c1355.aag,glucose4,550,0.000001,SAT,SIMULATION
c1355.aag,glucose4,551,0.000001,SAT,SIMULATION
c1355.aag,glucose4,552,0.000001,SAT,SIMULATION
c1355.aag,glucose4,553,0.000001,SAT,SIMULATION
c1355.aag,glucose4,554,0.000001,SAT,SIMULATION
c1355.aag,glucose4,555,0.000001,SAT,SIMULATION
c1355.aag,glucose4,556,0.000001,SAT,SIMULATION
c1355.aag,glucose4,557,0.000001,SAT,SIMULATION
c1355.aag,glucose4,558,0.000001,SAT,SIMULATION
c1355.aag,glucose4,559,0.000001,SAT,SIMULATION
c1355.aag,glucose4,560,0.000001,SAT,SIMULATION
c1355.aag,glucose4,561,0.000001,SAT,SIMULATION
c1355.aag,glucose4,562,0.000001,SAT,SIMULATION
c1355.aag,glucose4,563,0.000001,SAT,SIMULATION
c1355.aag,glucose4,564,0.000001,SAT,SIMULATION
c1355.aag,glucose4,565,0.000001,SAT,SIMULATION
c1355.aag,glucose4,566,0.000001,SAT,SIMULATION
c1355.aag,glucose4,567,0.000001,SAT,SIMULATION
c1355.aag,glucose4,568,0.000001,SAT,SIMULATION
c1355.aag,glucose4,569,0.000001,SAT,SIMULATION
c1355.aag,glucose4,570,0.000001,SAT,SIMULATION
c1355.aag,glucose4,571,0.000001,SAT,SIMULATION
c1355.aag,glucose4,572,0.000001,SAT,SIMULATION
c1355.aag,glucose4,573,0.000001,SAT,SIMULATION
c1355.aag,glucose4,574,0.000001,SAT,SIMULATION
c1355.aag,glucose4,575,0.000001,SAT,SIMULATION
c1355.aag,glucose4,576,0.000001,SAT,SIMULATION
c1355.aag,glucose4,577,0.000001,SAT,SIMULATION
c1355.aag,glucose4,578,0.000001,SAT,SIMULATION
c1355.aag,glucose4,579,0.000001,SAT,SIMULATION
c1355.aag,glucose4,580,0.000001,SAT,SIMULATION
c1355.aag,glucose4,581,0.000001,SAT,SIMULATION
c880.aag,glucose4,346,0.000001,SAT,SIMULATION
c880.aag,glucose4,386,0.000001,SAT,SIMULATION
c880.aag,glucose4,350,0.000001,SAT,SIMULATION
c880.aag,glucose4,267,0.000007,UNSAT (REDUNDANT),PYSAT
c880.aag,glucose4,262,0.000001,SAT,SIMULATION
c880.aag,glucose4,368,0.000002,UNSAT (REDUNDANT),PYSAT
c880.aag,glucose4,196,0.000001,SAT,SIMULATION
c880.aag,glucose4,387,0.000001,SAT,SIMULATION
c880.aag,glucose4,388,0.000001,SAT,SIMULATION
c880.aag,glucose4,349,0.000001,SAT,SIMULATION
c880.aag,glucose4,389,0.000001,SAT,SIMULATION
c880.aag,glucose4,390,0.000001,SAT,SIMULATION
c880.aag,glucose4,391,0.000001,SAT,SIMULATION
c880.aag,glucose4,365,0.000001,SAT,SIMULATION
c880.aag,glucose4,22,0.000001,SAT,SIMULATION
c880.aag,glucose4,193,0.000001,SAT,SIMULATION
c880.aag,glucose4,392,0.000001,SAT,SIMULATION
c880.aag,glucose4,393,0.000001,SAT,SIMULATION
c880.aag,glucose4,394,0.000001,SAT,SIMULATION
c880.aag,glucose4,395,0.000001,SAT,SIMULATION
c880.aag,glucose4,396,0.000001,SAT,SIMULATION
c880.aag,glucose4,397,0.000001,SAT,SIMULATION
c880.aag,glucose4,398,0.000001,SAT,SIMULATION
c880.aag,glucose4,399,0.000001,SAT,SIMULATION
c880.aag,glucose4,400,0.000001,SAT,SIMULATION
c880.aag,glucose4,401,0.000001,SAT,SIMULATION
c2670.aag,glucose4,684,0.000001,SAT,SIMULATION
c2670.aag,glucose4,727,0.000001,SAT,SIMULATION
c2670.aag,glucose4,707,0.000001,SAT,SIMULATION
c2670.aag,glucose4,698,0.000001,SAT,SIMULATION
c2670.aag,glucose4,885,0.000001,SAT,SIMULATION
c2670.aag,glucose4,728,0.000001,SAT,SIMULATION
c2670.aag,glucose4,886,0.000001,SAT,SIMULATION
c2670.aag,glucose4,710,0.000001,SAT,SIMULATION
c2670.aag,glucose4,747,0.000001,SAT,SIMULATION
c2670.aag,glucose4,887,0.000001,SAT,SIMULATION
c2670.aag,glucose4,731,0.000001,SAT,SIMULATION
c2670.aag,glucose4,698,0.000001,SAT,SIMULATION
c2670.aag,glucose4,888,0.000001,SAT,SIMULATION
c2670.aag,glucose4,889,0.000001,SAT,SIMULATION
c2670.aag,glucose4,734,0.000001,SAT,SIMULATION
c2670.aag,glucose4,691,0.000001,SAT,SIMULATION
c2670.aag,glucose4,743,0.000009,UNSAT (REDUNDANT),PYSAT
c2670.aag,glucose4,716,0.000001,SAT,SIMULATION
c2670.aag,glucose4,890,0.000001,SAT,SIMULATION
c2670.aag,glucose4,735,0.000001,SAT,SIMULATION
c2670.aag,glucose4,876,0.000001,SAT,SIMULATION
c2670.aag,glucose4,737,0.000001,SAT,SIMULATION
c2670.aag,glucose4,-884,0.000002,UNSAT (REDUNDANT),PYSAT
c2670.aag,glucose4,701,0.000001,SAT,SIMULATION
c2670.aag,glucose4,891,0.000001,SAT,SIMULATION
c2670.aag,glucose4,690,0.000001,SAT,SIMULATION
c2670.aag,glucose4,872,0.000001,SAT,SIMULATION
c2670.aag,glucose4,892,0.000001,SAT,SIMULATION
c2670.aag,glucose4,744,0.000001,SAT,SIMULATION
c2670.aag,glucose4,736,0.000001,SAT,SIMULATION
c2670.aag,glucose4,480,0.000001,SAT,SIMULATION
c2670.aag,glucose4,893,0.000001,SAT,SIMULATION
c2670.aag,glucose4,208,0.000001,SAT,SIMULATION
c2670.aag,glucose4,692,0.000001,SAT,SIMULATION
c2670.aag,glucose4,722,0.000001,SAT,SIMULATION
c2670.aag,glucose4,719,0.000001,SAT,SIMULATION
c2670.aag,glucose4,857,0.000001,SAT,SIMULATION
c2670.aag,glucose4,459,0.000001,SAT,SIMULATION
c2670.aag,glucose4,875,0.000001,SAT,SIMULATION
c2670.aag,glucose4,894,0.000001,SAT,SIMULATION
c2670.aag,glucose4,738,0.000001,SAT,SIMULATION
c2670.aag,glucose4,895,0.000001,SAT,SIMULATION
c2670.aag,glucose4,459,0.000001,SAT,SIMULATION
c2670.aag,glucose4,854,0.000001,SAT,SIMULATION
c2670.aag,glucose4,855,0.000001,SAT,SIMULATION
c2670.aag,glucose4,896,0.000001,SAT,SIMULATION
c2670.aag,glucose4,720,0.000001,SAT,SIMULATION
c2670.aag,glucose4,694,0.000001,SAT,SIMULATION
c2670.aag,glucose4,724,0.000001,SAT,SIMULATION
c2670.aag,glucose4,865,0.000001,SAT,SIMULATION
c2670.aag,glucose4,709,0.000001,SAT,SIMULATION
c2670.aag,glucose4,20,0.000001,SAT,SIMULATION
c2670.aag,glucose4,897,0.000001,SAT,SIMULATION
c2670.aag,glucose4,732,0.000001,SAT,SIMULATION
c2670.aag,glucose4,733,0.000001,SAT,SIMULATION
c2670.aag,glucose4,717,0.000001,SAT,SIMULATION
c2670.aag,glucose4,697,0.000001,SAT,SIMULATION
c2670.aag,glucose4,457,0.000001,SAT,SIMULATION
c2670.aag,glucose4,748,0.000001,SAT,SIMULATION
c2670.aag,glucose4,864,0.000001,SAT,SIMULATION
c2670.aag,glucose4,879,0.000001,SAT,SIMULATION
c2670.aag,glucose4,898,0.000001,SAT,SIMULATION
c2670.aag,glucose4,296,0.000001,SAT,SIMULATION
c2670.aag,glucose4,899,0.000001,SAT,SIMULATION
c2670.aag,glucose4,847,0.000001,SAT,SIMULATION
c2670.aag,glucose4,875,0.000001,SAT,SIMULATION
c2670.aag,glucose4,871,0.000001,SAT,SIMULATION
c2670.aag,glucose4,878,0.000001,SAT,SIMULATION
c2670.aag,glucose4,856,0.000001,SAT,SIMULATION
c2670.aag,glucose4,854,0.000001,SAT,SIMULATION
c2670.aag,glucose4,900,0.000001,SAT,SIMULATION
c2670.aag,glucose4,706,0.000001,SAT,SIMULATION
c2670.aag,glucose4,726,0.000001,SAT,SIMULATION
c2670.aag,glucose4,693,0.000001,SAT,SIMULATION
c2670.aag,glucose4,901,0.000001,SAT,SIMULATION
c2670.aag,glucose4,849,0.000001,SAT,SIMULATION
c2670.aag,glucose4,866,0.000001,SAT,SIMULATION
c2670.aag,glucose4,902,0.000001,SAT,SIMULATION
c2670.aag,glucose4,903,0.000001,SAT,SIMULATION
c2670.aag,glucose4,699,0.000001,SAT,SIMULATION
c2670.aag,glucose4,721,0.000001,SAT,SIMULATION
c2670.aag,glucose4,880,0.000001,SAT,SIMULATION
c2670.aag,glucose4,695,0.000001,SAT,SIMULATION
c2670.aag,glucose4,461,0.000001,SAT,SIMULATION
c2670.aag,glucose4,904,0.000001,SAT,SIMULATION
c2670.aag,glucose4,702,0.000001,SAT,SIMULATION
c2670.aag,glucose4,682,0.000001,SAT,SIMULATION
c2670.aag,glucose4,742,0.000001,SAT,SIMULATION
c2670.aag,glucose4,723,0.000001,SAT,SIMULATION
c2670.aag,glucose4,882,0.000001,SAT,SIMULATION
c2670.aag,glucose4,905,0.000001,SAT,SIMULATION
c2670.aag,glucose4,906,0.000001,SAT,SIMULATION
c2670.aag,glucose4,843,0.000001,SAT,SIMULATION
c2670.aag,glucose4,850,0.000001,SAT,SIMULATION
c2670.aag,glucose4,907,0.000001,SAT,SIMULATION
c2670.aag,glucose4,881,0.000001,SAT,SIMULATION
c2670.aag,glucose4,854,0.000001,SAT,SIMULATION
c2670.aag,glucose4,725,0.000001,SAT,SIMULATION
c2670.aag,glucose4,739,0.000001,SAT,SIMULATION
c2670.aag,glucose4,401,0.000001,SAT,SIMULATION
c2670.aag,glucose4,696,0.000001,SAT,SIMULATION
c2670.aag,glucose4,459,0.000001,SAT,SIMULATION
c2670.aag,glucose4,908,0.000001,SAT,SIMULATION
c2670.aag,glucose4,867,0.000001,SAT,SIMULATION
c2670.aag,glucose4,909,0.000001,SAT,SIMULATION
c2670.aag,glucose4,718,0.000001,SAT,SIMULATION
c2670.aag,glucose4,847,0.000001,SAT,SIMULATION
c2670.aag,glucose4,228,0.000001,SAT,SIMULATION
c2670.aag,glucose4,910,0.000001,SAT,SIMULATION
c2670.aag,glucose4,911,0.000001,SAT,SIMULATION
c2670.aag,glucose4,852,0.000001,SAT,SIMULATION
c2670.aag,glucose4,912,0.000001,SAT,SIMULATION
c2670.aag,glucose4,913,0.000001,SAT,SIMULATION
c2670.aag,glucose4,715,0.000001,SAT,SIMULATION
c2670.aag,glucose4,883,0.000001,SAT,SIMULATION
c2670.aag,glucose4,914,0.000001,SAT,SIMULATION
c2670.aag,glucose4,915,0.000001,SAT,SIMULATION
c2670.aag,glucose4,745,0.000001,SAT,SIMULATION
c2670.aag,glucose4,708,0.000001,SAT,SIMULATION
c2670.aag,glucose4,603,0.000001,SAT,SIMULATION
c2670.aag,glucose4,689,0.000001,SAT,SIMULATION
c2670.aag,glucose4,916,0.000001,SAT,SIMULATION
c2670.aag,glucose4,397,0.000004,UNSAT (REDUNDANT),PYSAT
c2670.aag,glucose4,460,0.000001,SAT,SIMULATION
c2670.aag,glucose4,551,0.000001,SAT,SIMULATION
c2670.aag,glucose4,729,0.000001,SAT,SIMULATION
c2670.aag,glucose4,459,0.000001,SAT,SIMULATION
c2670.aag,glucose4,683,0.000001,SAT,SIMULATION
c2670.aag,glucose4,500,0.000001,SAT,SIMULATION
c2670.aag,glucose4,848,0.000001,SAT,SIMULATION
c2670.aag,glucose4,851,0.000001,SAT,SIMULATION
c2670.aag,glucose4,853,0.000001,SAT,SIMULATION
c2670.aag,glucose4,681,0.000001,SAT,SIMULATION
c2670.aag,glucose4,868,0.000001,SAT,SIMULATION
c2670.aag,glucose4,326,0.000001,SAT,SIMULATION
c2670.aag,glucose4,746,0.000001,SAT,SIMULATION
c2670.aag,glucose4,917,0.000001,SAT,SIMULATION
c2670.aag,glucose4,864,0.000001,SAT,SIMULATION
c2670.aag,glucose4,918,0.000001,SAT,SIMULATION
c2670.aag,glucose4,741,0.000001,SAT,SIMULATION
c7552.aag,glucose4,1901,0.000001,SAT,SIMULATION
c7552.aag,glucose4,1895,0.000001,SAT,SIMULATION
c7552.aag,glucose4,1646,0.000001,SAT,SIMULATION
c7552.aag,glucose4,1439,0.000001,SAT,SIMULATION
c7552.aag,glucose4,674,0.000001,SAT,SIMULATION
c7552.aag,glucose4,1902,0.000001,SAT,SIMULATION
c7552.aag,glucose4,1011,0.000001,SAT,SIMULATION
c7552.aag,glucose4,763,0.000001,SAT,SIMULATION
c7552.aag,glucose4,1903,0.000001,SAT,SIMULATION
c7552.aag,glucose4,1904,0.000001,SAT,SIMULATION
c7552.aag,glucose4,794,0.000001,SAT,SIMULATION
c7552.aag,glucose4,780,0.000001,SAT,SIMULATION
c7552.aag,glucose4,1734,0.000001,SAT,SIMULATION
c7552.aag,glucose4,801,0.000001,SAT,SIMULATION
c7552.aag,glucose4,1905,0.000001,SAT,SIMULATION
c7552.aag,glucose4,1906,0.000001,SAT,SIMULATION
c7552.aag,glucose4,166,0.000001,SAT,SIMULATION
c7552.aag,glucose4,1645,0.000001,SAT,SIMULATION
c7552.aag,glucose4,402,0.000001,SAT,SIMULATION
c7552.aag,glucose4,170,0.000001,SAT,SIMULATION
c7552.aag,glucose4,57,0.000001,SAT,SIMULATION
c7552.aag,glucose4,28,0.000001,SAT,SIMULATION
c7552.aag,glucose4,1907,0.000001,SAT,SIMULATION
c7552.aag,glucose4,815,0.000001,SAT,SIMULATION
c7552.aag,glucose4,242,0.000001,SAT,SIMULATION
c7552.aag,glucose4,1908,0.000001,SAT,SIMULATION
c7552.aag,glucose4,71,0.000001,SAT,SIMULATION
c7552.aag,glucose4,441,0.000001,SAT,SIMULATION
c7552.aag,glucose4,1909,0.000001,SAT,SIMULATION
c7552.aag,glucose4,1910,0.000001,SAT,SIMULATION
c7552.aag,glucose4,1911,0.000001,SAT,SIMULATION
c7552.aag,glucose4,1912,0.000001,SAT,SIMULATION
c7552.aag,glucose4,1913,0.000001,SAT,SIMULATION
c7552.aag,glucose4,111,0.000001,SAT,SIMULATION
c7552.aag,glucose4,1871,0.000001,SAT,SIMULATION
c7552.aag,glucose4,1757,0.000001,SAT,SIMULATION
c7552.aag,glucose4,1914,0.000001,SAT,SIMULATION
c7552.aag,glucose4,415,0.000001,SAT,SIMULATION
c7552.aag,glucose4,1915,0.000001,SAT,SIMULATION
c7552.aag,glucose4,1646,0.000001,SAT,SIMULATION
c7552.aag,glucose4,1916,0.000001,SAT,SIMULATION
c7552.aag,glucose4,935,0.000001,SAT,SIMULATION
c7552.aag,glucose4,8,0.000001,SAT,SIMULATION
c7552.aag,glucose4,1917,0.000001,SAT,SIMULATION
c7552.aag,glucose4,128,0.000001,SAT,SIMULATION
c7552.aag,glucose4,1635,0.000001,SAT,SIMULATION
c7552.aag,glucose4,247,0.000001,SAT,SIMULATION
c7552.aag,glucose4,1918,0.000001,SAT,SIMULATION
c7552.aag,glucose4,287,0.000001,SAT,SIMULATION
c7552.aag,glucose4,1871,0.000001,SAT,SIMULATION
c7552.aag,glucose4,1919,0.000001,SAT,SIMULATION
c7552.aag,glucose4,1646,0.000001,SAT,SIMULATION
c7552.aag,glucose4,1920,0.000001,SAT,SIMULATION
c7552.aag,glucose4,261,0.000001,SAT,SIMULATION
c7552.aag,glucose4,1649,0.000001,SAT,SIMULATION
c7552.aag,glucose4,1646,0.000001,SAT,SIMULATION
c7552.aag,glucose4,1765,0.000001,SAT,SIMULATION
c7552.aag,glucose4,1637,0.000001,SAT,SIMULATION
c7552.aag,glucose4,1647,0.000001,SAT,SIMULATION
c7552.aag,glucose4,1921,0.000001,SAT,SIMULATION
c7552.aag,glucose4,1630,0.000001,SAT,SIMULATION
c7552.aag,glucose4,1922,0.000001,SAT,SIMULATION
c7552.aag,glucose4,1923,0.000001,SAT,SIMULATION
c7552.aag,glucose4,1924,0.000001,SAT,SIMULATION
c7552.aag,glucose4,1925,0.000001,SAT,SIMULATION
c7552.aag,glucose4,98,0.000001,SAT,SIMULATION
c7552.aag,glucose4,1926,0.000001,SAT,SIMULATION
c7552.aag,glucose4,1927,0.000001,SAT,SIMULATION
c7552.aag,glucose4,230,0.000001,SAT,SIMULATION
c7552.aag,glucose4,1928,0.000001,SAT,SIMULATION
c7552.aag,glucose4,1929,0.000001,SAT,SIMULATION
c7552.aag,glucose4,75,0.000001,SAT,SIMULATION
c7552.aag,glucose4,157,0.000001,SAT,SIMULATION
c7552.aag,glucose4,1930,0.000001,SAT,SIMULATION
c7552.aag,glucose4,277,0.000001,SAT,SIMULATION
c7552.aag,glucose4,1931,0.000001,SAT,SIMULATION
c7552.aag,glucose4,1932,0.000001,SAT,SIMULATION
c7552.aag,glucose4,1933,0.000001,SAT,SIMULATION
c7552.aag,glucose4,1934,0.000001,SAT,SIMULATION
c7552.aag,glucose4,1765,0.000001,SAT,SIMULATION
c7552.aag,glucose4,137,0.000001,SAT,SIMULATION
c7552.aag,glucose4,1935,0.000001,SAT,SIMULATION
c7552.aag,glucose4,1936,0.000001,SAT,SIMULATION
c7552.aag,glucose4,1772,0.000001,SAT,SIMULATION
c7552.aag,glucose4,1937,0.000001,SAT,SIMULATION
c7552.aag,glucose4,1938,0.000001,SAT,SIMULATION
c7552.aag,glucose4,1939,0.000001,SAT,SIMULATION
c7552.aag,glucose4,17,0.000001,SAT,SIMULATION
c7552.aag,glucose4,1940,0.000001,SAT,SIMULATION
c7552.aag,glucose4,423,0.000001,SAT,SIMULATION
c7552.aag,glucose4,1941,0.000001,SAT,SIMULATION
c7552.aag,glucose4,84,0.000001,SAT,SIMULATION
c7552.aag,glucose4,777,0.000001,SAT,SIMULATION
c7552.aag,glucose4,1942,0.000001,SAT,SIMULATION
c7552.aag,glucose4,181,0.000001,SAT,SIMULATION
c7552.aag,glucose4,46,0.000001,SAT,SIMULATION
c7552.aag,glucose4,42,0.000001,SAT,SIMULATION
c7552.aag,glucose4,1451,0.000001,SAT,SIMULATION
c7552.aag,glucose4,1943,0.000001,SAT,SIMULATION
c7552.aag,glucose4,416,0.000001,SAT,SIMULATION
c7552.aag,glucose4,1944,0.000001,SAT,SIMULATION
c7552.aag,glucose4,1945,0.000001,SAT,SIMULATION
c7552.aag,glucose4,1946,0.000001,SAT,SIMULATION
c7552.aag,glucose4,1750,0.000001,SAT,SIMULATION
c7552.aag,glucose4,21,0.000001,SAT,SIMULATION
c7552.aag,glucose4,1947,0.000001,SAT,SIMULATION
c7552.aag,glucose4,114,0.000001,SAT,SIMULATION
c7552.aag,glucose4,148,0.000001,SAT,SIMULATION
alu_8bit.aag,glucose4,244,0.000001,SAT,SIMULATION
alu_8bit.aag,glucose4,245,0.000001,SAT,SIMULATION
alu_8bit.aag,glucose4,182,0.000001,SAT,SIMULATION
alu_8bit.aag,glucose4,243,0.000001,SAT,SIMULATION
alu_8bit.aag,glucose4,246,0.000001,SAT,SIMULATION
alu_8bit.aag,glucose4,247,0.000001,SAT,SIMULATION
alu_8bit.aag,glucose4,248,0.000001,SAT,SIMULATION
alu_8bit.aag,glucose4,249,0.000001,SAT,SIMULATION
alu_8bit.aag,glucose4,250,0.000001,SAT,SIMULATION
c3540.aag,glucose4,1003,0.000001,SAT,SIMULATION
c3540.aag,glucose4,1004,0.000001,SAT,SIMULATION
c3540.aag,glucose4,1005,0.000001,SAT,SIMULATION
c3540.aag,glucose4,1006,0.000001,SAT,SIMULATION
c3540.aag,glucose4,1007,0.000001,SAT,SIMULATION
c3540.aag,glucose4,1008,0.000001,SAT,SIMULATION
c3540.aag,glucose4,1009,0.000001,SAT,SIMULATION
c3540.aag,glucose4,1010,0.000001,SAT,SIMULATION
c3540.aag,glucose4,953,0.000001,SAT,SIMULATION
c3540.aag,glucose4,1011,0.000001,SAT,SIMULATION
c3540.aag,glucose4,1012,0.000001,SAT,SIMULATION
c3540.aag,glucose4,1013,0.000001,SAT,SIMULATION
c3540.aag,glucose4,1014,0.000001,SAT,SIMULATION
c3540.aag,glucose4,1015,0.000001,SAT,SIMULATION
c3540.aag,glucose4,1016,0.000001,SAT,SIMULATION
c3540.aag,glucose4,1017,0.000001,SAT,SIMULATION
c3540.aag,glucose4,957,0.000008,UNSAT (REDUNDANT),PYSAT
c3540.aag,glucose4,1018,0.000001,SAT,SIMULATION
c3540.aag,glucose4,1019,0.000001,SAT,SIMULATION
c3540.aag,glucose4,952,0.000001,SAT,SIMULATION
c3540.aag,glucose4,956,0.000001,SAT,SIMULATION
c3540.aag,glucose4,994,0.000001,SAT,SIMULATION
c17.aag,glucose4,12,0.000001,SAT,SIMULATION
c17.aag,glucose4,13,0.000001,SAT,SIMULATION
c6288.aag,glucose4,1903,0.000001,SAT,SIMULATION
c6288.aag,glucose4,1904,0.000001,SAT,SIMULATION
c6288.aag,glucose4,1905,0.000001,SAT,SIMULATION
c6288.aag,glucose4,1906,0.000001,SAT,SIMULATION
c6288.aag,glucose4,1907,0.000001,SAT,SIMULATION
c6288.aag,glucose4,1908,0.000001,SAT,SIMULATION
c6288.aag,glucose4,1909,0.000001,SAT,SIMULATION
c6288.aag,glucose4,1910,0.000001,SAT,SIMULATION
c6288.aag,glucose4,1911,0.000001,SAT,SIMULATION
c6288.aag,glucose4,1912,0.000001,SAT,SIMULATION
c6288.aag,glucose4,1865,0.000001,SAT,SIMULATION
c6288.aag,glucose4,1913,0.000001,SAT,SIMULATION
c6288.aag,glucose4,1914,0.000001,SAT,SIMULATION
c6288.aag,glucose4,1915,0.000001,SAT,SIMULATION
c6288.aag,glucose4,1916,0.000001,SAT,SIMULATION
c6288.aag,glucose4,1895,0.000001,SAT,SIMULATION
c6288.aag,glucose4,1917,0.000001,SAT,SIMULATION
c6288.aag,glucose4,1918,0.000001,SAT,SIMULATION
c6288.aag,glucose4,1919,0.000001,SAT,SIMULATION
c6288.aag,glucose4,1920,0.000001,SAT,SIMULATION
c6288.aag,glucose4,1861,0.000001,SAT,SIMULATION
c6288.aag,glucose4,1921,0.000001,SAT,SIMULATION
c6288.aag,glucose4,1922,0.000001,SAT,SIMULATION
c6288.aag,glucose4,1923,0.000001,SAT,SIMULATION
c6288.aag,glucose4,1924,0.000001,SAT,SIMULATION
c6288.aag,glucose4,1925,0.000001,SAT,SIMULATION
c6288.aag,glucose4,1926,0.000001,SAT,SIMULATION
c6288.aag,glucose4,1927,0.000001,SAT,SIMULATION
c6288.aag,glucose4,1928,0.000001,SAT,SIMULATION
c6288.aag,glucose4,1929,0.000001,SAT,SIMULATION
c6288.aag,glucose4,1930,0.000001,SAT,SIMULATION
c6288.aag,glucose4,1900,0.000001,SAT,SIMULATION
